order_id,user_id,status,gender,created_at,returned_at,shipped_at,delivered_at,num_of_item
422,346,Cancelled,F,2025-09-12 02:16:00.000000 UTC,,,,1
422,346,Cancelled,F,2025-09-12 02:16:00.000000 UTC,,,,1
3084,2455,Cancelled,F,2025-06-05 15:26:00.000000 UTC,,,,1
3084,2455,Cancelled,F,2025-06-05 15:26:00.000000 UTC,,,,1
3084,2455,Cancelled,F,2025-06-05 15:26:00.000000 UTC,,,,1
4628,3693,Cancelled,F,2025-04-24 14:53:00.000000 UTC,,,,1
4628,3693,Cancelled,F,2025-04-24 14:53:00.000000 UTC,,,,1
4629,3693,Cancelled,F,2025-03-26 14:53:00.000000 UTC,,,,1
4629,3693,Cancelled,F,2025-03-26 14:53:00.000000 UTC,,,,1
7704,6177,Cancelled,F,2025-11-07 14:22:00.000000 UTC,,,,4
7704,6177,Cancelled,F,2025-11-07 14:22:00.000000 UTC,,,,4
7704,6177,Cancelled,F,2025-11-07 14:22:00.000000 UTC,,,,4
8634,6889,Cancelled,F,2025-04-24 11:52:00.000000 UTC,,,,1
8634,6889,Cancelled,F,2025-04-24 11:52:00.000000 UTC,,,,1
8634,6889,Cancelled,F,2025-04-24 11:52:00.000000 UTC,,,,1
8634,6889,Cancelled,F,2025-04-24 11:52:00.000000 UTC,,,,1
8708,6948,Cancelled,F,2025-10-14 03:00:00.000000 UTC,,,,1
8708,6948,Cancelled,F,2025-10-14 03:00:00.000000 UTC,,,,1
11382,9126,Cancelled,F,2025-11-01 08:15:00.000000 UTC,,,,2
11382,9126,Cancelled,F,2025-11-01 08:15:00.000000 UTC,,,,2
11382,9126,Cancelled,F,2025-11-01 08:15:00.000000 UTC,,,,2
11383,9126,Cancelled,F,2024-10-19 08:15:00.000000 UTC,,,,1
11383,9126,Cancelled,F,2024-10-19 08:15:00.000000 UTC,,,,1
11383,9126,Cancelled,F,2024-10-19 08:15:00.000000 UTC,,,,1
11384,9126,Cancelled,F,2025-10-17 08:15:00.000000 UTC,,,,1
11384,9126,Cancelled,F,2025-10-17 08:15:00.000000 UTC,,,,1
11384,9126,Cancelled,F,2025-10-17 08:15:00.000000 UTC,,,,1
16429,13095,Cancelled,F,2025-01-16 11:59:00.000000 UTC,,,,1
16429,13095,Cancelled,F,2025-01-16 11:59:00.000000 UTC,,,,1
16429,13095,Cancelled,F,2025-01-16 11:59:00.000000 UTC,,,,1
16429,13095,Cancelled,F,2025-01-16 11:59:00.000000 UTC,,,,1
17145,13687,Cancelled,F,2025-06-18 11:21:00.000000 UTC,,,,1
19505,15543,Cancelled,F,2025-05-31 00:54:00.000000 UTC,,,,2
19505,15543,Cancelled,F,2025-05-31 00:54:00.000000 UTC,,,,2
19505,15543,Cancelled,F,2025-05-31 00:54:00.000000 UTC,,,,2
21973,17523,Cancelled,F,2025-03-04 12:39:00.000000 UTC,,,,1
23125,18449,Cancelled,F,2025-06-12 12:53:00.000000 UTC,,,,1
23125,18449,Cancelled,F,2025-06-12 12:53:00.000000 UTC,,,,1
23125,18449,Cancelled,F,2025-06-12 12:53:00.000000 UTC,,,,1
23125,18449,Cancelled,F,2025-06-12 12:53:00.000000 UTC,,,,1
23126,18449,Cancelled,F,2024-11-24 12:53:00.000000 UTC,,,,1
23126,18449,Cancelled,F,2024-11-24 12:53:00.000000 UTC,,,,1
23126,18449,Cancelled,F,2024-11-24 12:53:00.000000 UTC,,,,1
23126,18449,Cancelled,F,2024-11-24 12:53:00.000000 UTC,,,,1
24272,19381,Cancelled,F,2025-10-29 11:09:00.000000 UTC,,,,1
24272,19381,Cancelled,F,2025-10-29 11:09:00.000000 UTC,,,,1
24272,19381,Cancelled,F,2025-10-29 11:09:00.000000 UTC,,,,1
24272,19381,Cancelled,F,2025-10-29 11:09:00.000000 UTC,,,,1
24682,19677,Cancelled,F,2024-11-24 02:42:00.000000 UTC,,,,1
24682,19677,Cancelled,F,2024-11-24 02:42:00.000000 UTC,,,,1
27703,22082,Cancelled,F,2025-05-25 06:25:00.000000 UTC,,,,2
36068,28749,Cancelled,F,2025-02-02 00:50:00.000000 UTC,,,,1
36068,28749,Cancelled,F,2025-02-02 00:50:00.000000 UTC,,,,1
38926,31070,Cancelled,F,2024-10-12 13:58:00.000000 UTC,,,,1
38926,31070,Cancelled,F,2024-10-12 13:58:00.000000 UTC,,,,1
38926,31070,Cancelled,F,2024-10-12 13:58:00.000000 UTC,,,,1
39789,31782,Cancelled,F,2024-09-27 12:04:00.000000 UTC,,,,1
39789,31782,Cancelled,F,2024-09-27 12:04:00.000000 UTC,,,,1
40485,32350,Cancelled,F,2024-10-12 02:16:00.000000 UTC,,,,1
40485,32350,Cancelled,F,2024-10-12 02:16:00.000000 UTC,,,,1
40485,32350,Cancelled,F,2024-10-12 02:16:00.000000 UTC,,,,1
40485,32350,Cancelled,F,2024-10-12 02:16:00.000000 UTC,,,,1
44588,35579,Cancelled,F,2025-06-14 13:27:00.000000 UTC,,,,2
46636,37225,Cancelled,F,2025-03-25 03:14:00.000000 UTC,,,,1
46636,37225,Cancelled,F,2025-03-25 03:14:00.000000 UTC,,,,1
46636,37225,Cancelled,F,2025-03-25 03:14:00.000000 UTC,,,,1
46636,37225,Cancelled,F,2025-03-25 03:14:00.000000 UTC,,,,1
47901,38171,Cancelled,F,2024-10-22 18:17:00.000000 UTC,,,,1
48193,38394,Cancelled,F,2025-06-19 08:54:00.000000 UTC,,,,1
49701,39581,Cancelled,F,2024-11-12 03:34:00.000000 UTC,,,,2
50245,40020,Cancelled,F,2025-02-13 13:05:00.000000 UTC,,,,1
50245,40020,Cancelled,F,2025-02-13 13:05:00.000000 UTC,,,,1
50505,40250,Cancelled,F,2025-02-23 14:15:00.000000 UTC,,,,1
52261,41640,Cancelled,F,2025-01-12 15:48:00.000000 UTC,,,,1
52261,41640,Cancelled,F,2025-01-12 15:48:00.000000 UTC,,,,1
53731,42809,Cancelled,F,2025-09-14 08:34:00.000000 UTC,,,,1
53731,42809,Cancelled,F,2025-09-14 08:34:00.000000 UTC,,,,1
55348,44098,Cancelled,F,2025-08-24 17:21:00.000000 UTC,,,,3
58802,46813,Cancelled,F,2025-11-21 16:19:00.000000 UTC,,,,1
58825,46828,Cancelled,F,2025-06-02 13:58:00.000000 UTC,,,,1
58825,46828,Cancelled,F,2025-06-02 13:58:00.000000 UTC,,,,1
58825,46828,Cancelled,F,2025-06-02 13:58:00.000000 UTC,,,,1
59712,47497,Cancelled,F,2025-06-25 11:33:00.000000 UTC,,,,4
59712,47497,Cancelled,F,2025-06-25 11:33:00.000000 UTC,,,,4
59712,47497,Cancelled,F,2025-06-25 11:33:00.000000 UTC,,,,4
59712,47497,Cancelled,F,2025-06-25 11:33:00.000000 UTC,,,,4
59714,47497,Cancelled,F,2025-03-10 11:33:00.000000 UTC,,,,2
59714,47497,Cancelled,F,2025-03-10 11:33:00.000000 UTC,,,,2
59714,47497,Cancelled,F,2025-03-10 11:33:00.000000 UTC,,,,2
59714,47497,Cancelled,F,2025-03-10 11:33:00.000000 UTC,,,,2
62022,49317,Cancelled,F,2024-11-20 14:24:00.000000 UTC,,,,1
62962,50053,Cancelled,F,2025-06-29 10:13:00.000000 UTC,,,,3
63930,50852,Cancelled,F,2025-09-07 01:32:00.000000 UTC,,,,1
63930,50852,Cancelled,F,2025-09-07 01:32:00.000000 UTC,,,,1
63930,50852,Cancelled,F,2025-09-07 01:32:00.000000 UTC,,,,1
65061,51758,Cancelled,F,2025-06-05 02:43:00.000000 UTC,,,,2
65061,51758,Cancelled,F,2025-06-05 02:43:00.000000 UTC,,,,2
65061,51758,Cancelled,F,2025-06-05 02:43:00.000000 UTC,,,,2
65061,51758,Cancelled,F,2025-06-05 02:43:00.000000 UTC,,,,2
66613,53009,Cancelled,F,2025-07-20 01:45:00.000000 UTC,,,,4
66613,53009,Cancelled,F,2025-07-20 01:45:00.000000 UTC,,,,4
67981,54086,Cancelled,F,2025-03-11 17:36:00.000000 UTC,,,,1
68112,54194,Cancelled,F,2025-04-05 11:11:00.000000 UTC,,,,1
68112,54194,Cancelled,F,2025-04-05 11:11:00.000000 UTC,,,,1
76005,60541,Cancelled,F,2025-06-04 08:16:00.000000 UTC,,,,2
76005,60541,Cancelled,F,2025-06-04 08:16:00.000000 UTC,,,,2
76005,60541,Cancelled,F,2025-06-04 08:16:00.000000 UTC,,,,2
76005,60541,Cancelled,F,2025-06-04 08:16:00.000000 UTC,,,,2
76440,60869,Cancelled,F,2025-04-18 11:38:00.000000 UTC,,,,1
78331,62400,Cancelled,F,2025-03-01 02:47:00.000000 UTC,,,,1
78331,62400,Cancelled,F,2025-03-01 02:47:00.000000 UTC,,,,1
82682,65839,Cancelled,F,2024-11-08 03:17:00.000000 UTC,,,,1
85490,68112,Cancelled,F,2025-09-26 00:05:00.000000 UTC,,,,1
85657,68259,Cancelled,F,2025-04-23 07:06:00.000000 UTC,,,,1
85657,68259,Cancelled,F,2025-04-23 07:06:00.000000 UTC,,,,1
85758,68332,Cancelled,F,2024-08-08 06:59:00.000000 UTC,,,,1
85758,68332,Cancelled,F,2024-08-08 06:59:00.000000 UTC,,,,1
85871,68433,Cancelled,F,2025-05-26 07:09:00.000000 UTC,,,,1
85871,68433,Cancelled,F,2025-05-26 07:09:00.000000 UTC,,,,1
87649,69854,Cancelled,F,2025-09-01 09:12:00.000000 UTC,,,,1
88390,70445,Cancelled,F,2025-09-15 00:20:00.000000 UTC,,,,2
88390,70445,Cancelled,F,2025-09-15 00:20:00.000000 UTC,,,,2
88390,70445,Cancelled,F,2025-09-15 00:20:00.000000 UTC,,,,2
88390,70445,Cancelled,F,2025-09-15 00:20:00.000000 UTC,,,,2
88394,70448,Cancelled,F,2025-07-22 05:33:00.000000 UTC,,,,1
89149,71005,Cancelled,F,2024-10-13 12:58:00.000000 UTC,,,,1
89197,71038,Cancelled,F,2025-02-07 06:59:00.000000 UTC,,,,1
89197,71038,Cancelled,F,2025-02-07 06:59:00.000000 UTC,,,,1
90128,71791,Cancelled,F,2025-07-05 03:44:00.000000 UTC,,,,1
90179,71842,Cancelled,F,2025-06-16 14:14:00.000000 UTC,,,,1
90987,72496,Cancelled,F,2025-03-30 16:01:00.000000 UTC,,,,2
90987,72496,Cancelled,F,2025-03-30 16:01:00.000000 UTC,,,,2
91035,72532,Cancelled,F,2025-10-03 10:14:00.000000 UTC,,,,1
93658,74614,Cancelled,F,2025-10-28 08:22:00.000000 UTC,,,,1
93895,74809,Cancelled,F,2025-01-06 14:17:00.000000 UTC,,,,1
93895,74809,Cancelled,F,2025-01-06 14:17:00.000000 UTC,,,,1
94084,74956,Cancelled,F,2025-07-17 12:02:00.000000 UTC,,,,2
96991,77231,Cancelled,F,2025-10-12 15:41:00.000000 UTC,,,,1
97646,77734,Cancelled,F,2025-03-17 15:39:00.000000 UTC,,,,1
97858,77902,Cancelled,F,2025-08-14 16:59:00.000000 UTC,,,,1
97858,77902,Cancelled,F,2025-08-14 16:59:00.000000 UTC,,,,1
101168,80506,Cancelled,F,2025-06-10 14:36:00.000000 UTC,,,,1
105609,84041,Cancelled,F,2025-08-27 04:28:00.000000 UTC,,,,1
105609,84041,Cancelled,F,2025-08-27 04:28:00.000000 UTC,,,,1
105609,84041,Cancelled,F,2025-08-27 04:28:00.000000 UTC,,,,1
105609,84041,Cancelled,F,2025-08-27 04:28:00.000000 UTC,,,,1
106964,85097,Cancelled,F,2025-02-10 05:08:00.000000 UTC,,,,2
107449,85479,Cancelled,F,2024-12-04 00:00:00.000000 UTC,,,,1
107987,85914,Cancelled,F,2025-05-11 16:02:00.000000 UTC,,,,1
107987,85914,Cancelled,F,2025-05-11 16:02:00.000000 UTC,,,,1
107987,85914,Cancelled,F,2025-05-11 16:02:00.000000 UTC,,,,1
108292,86168,Cancelled,F,2025-04-15 09:53:00.000000 UTC,,,,2
109131,86817,Cancelled,F,2025-10-25 05:02:00.000000 UTC,,,,2
109131,86817,Cancelled,F,2025-10-25 05:02:00.000000 UTC,,,,2
110894,88182,Cancelled,F,2024-12-21 00:56:00.000000 UTC,,,,2
110894,88182,Cancelled,F,2024-12-21 00:56:00.000000 UTC,,,,2
111406,88598,Cancelled,F,2024-12-30 06:53:00.000000 UTC,,,,1
111406,88598,Cancelled,F,2024-12-30 06:53:00.000000 UTC,,,,1
111406,88598,Cancelled,F,2024-12-30 06:53:00.000000 UTC,,,,1
111407,88598,Cancelled,F,2025-09-10 06:53:00.000000 UTC,,,,2
111407,88598,Cancelled,F,2025-09-10 06:53:00.000000 UTC,,,,2
111407,88598,Cancelled,F,2025-09-10 06:53:00.000000 UTC,,,,2
111816,88917,Cancelled,F,2025-02-04 08:59:00.000000 UTC,,,,1
112303,89290,Cancelled,F,2025-06-08 08:12:00.000000 UTC,,,,2
112303,89290,Cancelled,F,2025-06-08 08:12:00.000000 UTC,,,,2
114479,91053,Cancelled,F,2025-09-24 06:39:00.000000 UTC,,,,1
118388,94180,Cancelled,F,2025-08-26 03:35:00.000000 UTC,,,,2
120234,95689,Cancelled,F,2024-10-29 09:48:00.000000 UTC,,,,2
122849,97717,Cancelled,F,2025-04-04 17:45:00.000000 UTC,,,,1
122849,97717,Cancelled,F,2025-04-04 17:45:00.000000 UTC,,,,1
122849,97717,Cancelled,F,2025-04-04 17:45:00.000000 UTC,,,,1
122849,97717,Cancelled,F,2025-04-04 17:45:00.000000 UTC,,,,1
122874,97736,Cancelled,F,2025-06-12 07:45:00.000000 UTC,,,,2
122874,97736,Cancelled,F,2025-06-12 07:45:00.000000 UTC,,,,2
123231,98018,Cancelled,F,2025-01-19 03:02:00.000000 UTC,,,,1
123231,98018,Cancelled,F,2025-01-19 03:02:00.000000 UTC,,,,1
124843,99275,Cancelled,F,2025-06-26 06:39:00.000000 UTC,,,,3
124843,99275,Cancelled,F,2025-06-26 06:39:00.000000 UTC,,,,3
1847,1477,Complete,F,2025-06-17 18:22:00.000000 UTC,,2025-06-19 20:47:00.000000 UTC,2025-06-22 09:41:00.000000 UTC,1
1847,1477,Complete,F,2025-06-17 18:22:00.000000 UTC,,2025-06-19 20:47:00.000000 UTC,2025-06-22 09:41:00.000000 UTC,1
1848,1477,Complete,F,2025-10-04 18:22:00.000000 UTC,,2025-10-06 14:41:00.000000 UTC,2025-10-08 00:15:00.000000 UTC,1
1848,1477,Complete,F,2025-10-04 18:22:00.000000 UTC,,2025-10-06 14:41:00.000000 UTC,2025-10-08 00:15:00.000000 UTC,1
2035,1616,Complete,F,2025-10-17 15:21:00.000000 UTC,,2025-10-19 23:19:00.000000 UTC,2025-10-24 08:18:00.000000 UTC,1
2479,1936,Complete,F,2025-08-17 02:57:00.000000 UTC,,2025-08-18 05:30:00.000000 UTC,2025-08-20 10:17:00.000000 UTC,1
3083,2455,Complete,F,2025-09-19 15:26:00.000000 UTC,,2025-09-20 20:07:00.000000 UTC,2025-09-21 21:39:00.000000 UTC,1
3083,2455,Complete,F,2025-09-19 15:26:00.000000 UTC,,2025-09-20 20:07:00.000000 UTC,2025-09-21 21:39:00.000000 UTC,1
3083,2455,Complete,F,2025-09-19 15:26:00.000000 UTC,,2025-09-20 20:07:00.000000 UTC,2025-09-21 21:39:00.000000 UTC,1
3085,2455,Complete,F,2025-09-20 15:26:00.000000 UTC,,2025-09-21 13:37:00.000000 UTC,2025-09-23 14:41:00.000000 UTC,4
3085,2455,Complete,F,2025-09-20 15:26:00.000000 UTC,,2025-09-21 13:37:00.000000 UTC,2025-09-23 14:41:00.000000 UTC,4
3085,2455,Complete,F,2025-09-20 15:26:00.000000 UTC,,2025-09-21 13:37:00.000000 UTC,2025-09-23 14:41:00.000000 UTC,4
4228,3383,Complete,F,2025-06-20 17:57:00.000000 UTC,,2025-06-20 21:46:00.000000 UTC,2025-06-23 05:53:00.000000 UTC,1
4605,3675,Complete,F,2025-08-04 15:21:00.000000 UTC,,2025-08-05 10:27:00.000000 UTC,2025-08-06 15:46:00.000000 UTC,1
6042,4856,Complete,F,2025-10-25 08:16:00.000000 UTC,,2025-10-26 05:38:00.000000 UTC,2025-10-26 17:31:00.000000 UTC,1
6042,4856,Complete,F,2025-10-25 08:16:00.000000 UTC,,2025-10-26 05:38:00.000000 UTC,2025-10-26 17:31:00.000000 UTC,1
7614,6105,Complete,F,2024-09-12 01:22:00.000000 UTC,,2024-09-13 13:09:00.000000 UTC,2024-09-17 14:02:00.000000 UTC,1
7705,6177,Complete,F,2024-09-23 14:22:00.000000 UTC,,2024-09-23 17:10:00.000000 UTC,2024-09-25 07:00:00.000000 UTC,2
7705,6177,Complete,F,2024-09-23 14:22:00.000000 UTC,,2024-09-23 17:10:00.000000 UTC,2024-09-25 07:00:00.000000 UTC,2
7705,6177,Complete,F,2024-09-23 14:22:00.000000 UTC,,2024-09-23 17:10:00.000000 UTC,2024-09-25 07:00:00.000000 UTC,2
7706,6177,Complete,F,2025-10-27 14:22:00.000000 UTC,,2025-10-29 09:43:00.000000 UTC,2025-10-30 13:36:00.000000 UTC,1
7706,6177,Complete,F,2025-10-27 14:22:00.000000 UTC,,2025-10-29 09:43:00.000000 UTC,2025-10-30 13:36:00.000000 UTC,1
7706,6177,Complete,F,2025-10-27 14:22:00.000000 UTC,,2025-10-29 09:43:00.000000 UTC,2025-10-30 13:36:00.000000 UTC,1
7914,6335,Complete,F,2024-09-16 13:47:00.000000 UTC,,2024-09-16 19:57:00.000000 UTC,2024-09-20 16:48:00.000000 UTC,1
7914,6335,Complete,F,2024-09-16 13:47:00.000000 UTC,,2024-09-16 19:57:00.000000 UTC,2024-09-20 16:48:00.000000 UTC,1
8631,6889,Complete,F,2024-11-15 11:52:00.000000 UTC,,2024-11-16 15:08:00.000000 UTC,2024-11-19 03:12:00.000000 UTC,1
8631,6889,Complete,F,2024-11-15 11:52:00.000000 UTC,,2024-11-16 15:08:00.000000 UTC,2024-11-19 03:12:00.000000 UTC,1
8631,6889,Complete,F,2024-11-15 11:52:00.000000 UTC,,2024-11-16 15:08:00.000000 UTC,2024-11-19 03:12:00.000000 UTC,1
8631,6889,Complete,F,2024-11-15 11:52:00.000000 UTC,,2024-11-16 15:08:00.000000 UTC,2024-11-19 03:12:00.000000 UTC,1
8633,6889,Complete,F,2025-07-04 11:52:00.000000 UTC,,2025-07-05 01:18:00.000000 UTC,2025-07-06 23:33:00.000000 UTC,1
8633,6889,Complete,F,2025-07-04 11:52:00.000000 UTC,,2025-07-05 01:18:00.000000 UTC,2025-07-06 23:33:00.000000 UTC,1
8633,6889,Complete,F,2025-07-04 11:52:00.000000 UTC,,2025-07-05 01:18:00.000000 UTC,2025-07-06 23:33:00.000000 UTC,1
8633,6889,Complete,F,2025-07-04 11:52:00.000000 UTC,,2025-07-05 01:18:00.000000 UTC,2025-07-06 23:33:00.000000 UTC,1
9596,7642,Complete,F,2025-08-26 15:09:00.000000 UTC,,2025-08-29 13:31:00.000000 UTC,2025-09-02 13:24:00.000000 UTC,1
9823,7818,Complete,F,2025-08-12 17:22:00.000000 UTC,,2025-08-15 05:23:00.000000 UTC,2025-08-16 17:07:00.000000 UTC,1
10310,8212,Complete,F,2025-11-01 00:19:00.000000 UTC,,2025-11-03 06:08:00.000000 UTC,2025-11-05 15:14:00.000000 UTC,2
10310,8212,Complete,F,2025-11-01 00:19:00.000000 UTC,,2025-11-03 06:08:00.000000 UTC,2025-11-05 15:14:00.000000 UTC,2
11345,9094,Complete,F,2025-07-29 03:48:00.000000 UTC,,2025-07-31 13:41:00.000000 UTC,2025-08-01 19:57:00.000000 UTC,1
11345,9094,Complete,F,2025-07-29 03:48:00.000000 UTC,,2025-07-31 13:41:00.000000 UTC,2025-08-01 19:57:00.000000 UTC,1
11346,9094,Complete,F,2025-11-21 03:48:00.000000 UTC,,2025-11-21 04:33:00.000000 UTC,2025-11-25 18:26:00.000000 UTC,2
11346,9094,Complete,F,2025-11-21 03:48:00.000000 UTC,,2025-11-21 04:33:00.000000 UTC,2025-11-25 18:26:00.000000 UTC,2
15039,11992,Complete,F,2025-09-30 09:18:00.000000 UTC,,2025-10-02 03:23:00.000000 UTC,2025-10-04 08:41:00.000000 UTC,1
15039,11992,Complete,F,2025-09-30 09:18:00.000000 UTC,,2025-10-02 03:23:00.000000 UTC,2025-10-04 08:41:00.000000 UTC,1
15943,12712,Complete,F,2024-09-16 02:08:00.000000 UTC,,2024-09-18 04:08:00.000000 UTC,2024-09-21 15:18:00.000000 UTC,2
16427,13095,Complete,F,2025-07-26 11:59:00.000000 UTC,,2025-07-27 13:59:00.000000 UTC,2025-07-30 18:59:00.000000 UTC,2
16427,13095,Complete,F,2025-07-26 11:59:00.000000 UTC,,2025-07-27 13:59:00.000000 UTC,2025-07-30 18:59:00.000000 UTC,2
16427,13095,Complete,F,2025-07-26 11:59:00.000000 UTC,,2025-07-27 13:59:00.000000 UTC,2025-07-30 18:59:00.000000 UTC,2
16427,13095,Complete,F,2025-07-26 11:59:00.000000 UTC,,2025-07-27 13:59:00.000000 UTC,2025-07-30 18:59:00.000000 UTC,2
16428,13095,Complete,F,2025-06-17 11:59:00.000000 UTC,,2025-06-20 02:17:00.000000 UTC,2025-06-24 10:05:00.000000 UTC,1
16428,13095,Complete,F,2025-06-17 11:59:00.000000 UTC,,2025-06-20 02:17:00.000000 UTC,2025-06-24 10:05:00.000000 UTC,1
16428,13095,Complete,F,2025-06-17 11:59:00.000000 UTC,,2025-06-20 02:17:00.000000 UTC,2025-06-24 10:05:00.000000 UTC,1
16428,13095,Complete,F,2025-06-17 11:59:00.000000 UTC,,2025-06-20 02:17:00.000000 UTC,2025-06-24 10:05:00.000000 UTC,1
16694,13324,Complete,F,2025-05-07 00:06:00.000000 UTC,,2025-05-09 15:36:00.000000 UTC,2025-05-12 16:58:00.000000 UTC,2
17308,13820,Complete,F,2025-08-25 01:11:00.000000 UTC,,2025-08-27 21:20:00.000000 UTC,2025-08-28 16:08:00.000000 UTC,1
17308,13820,Complete,F,2025-08-25 01:11:00.000000 UTC,,2025-08-27 21:20:00.000000 UTC,2025-08-28 16:08:00.000000 UTC,1
17308,13820,Complete,F,2025-08-25 01:11:00.000000 UTC,,2025-08-27 21:20:00.000000 UTC,2025-08-28 16:08:00.000000 UTC,1
17308,13820,Complete,F,2025-08-25 01:11:00.000000 UTC,,2025-08-27 21:20:00.000000 UTC,2025-08-28 16:08:00.000000 UTC,1
17479,13949,Complete,F,2025-11-07 15:54:00.000000 UTC,,2025-11-10 13:30:00.000000 UTC,2025-11-11 02:37:00.000000 UTC,1
17479,13949,Complete,F,2025-11-07 15:54:00.000000 UTC,,2025-11-10 13:30:00.000000 UTC,2025-11-11 02:37:00.000000 UTC,1
17833,14233,Complete,F,2025-11-11 06:35:00.000000 UTC,,2025-11-12 15:44:00.000000 UTC,2025-11-13 15:38:00.000000 UTC,1
17833,14233,Complete,F,2025-11-11 06:35:00.000000 UTC,,2025-11-12 15:44:00.000000 UTC,2025-11-13 15:38:00.000000 UTC,1
19071,15224,Complete,F,2025-09-14 10:22:00.000000 UTC,,2025-09-15 15:32:00.000000 UTC,2025-09-15 15:52:00.000000 UTC,1
21652,17280,Complete,F,2025-10-07 16:42:00.000000 UTC,,2025-10-09 07:38:00.000000 UTC,2025-10-11 03:31:00.000000 UTC,4
21666,17287,Complete,F,2025-11-22 18:59:00.000000 UTC,,2025-11-22 19:57:00.000000 UTC,2025-11-24 08:09:00.000000 UTC,1
21666,17287,Complete,F,2025-11-22 18:59:00.000000 UTC,,2025-11-22 19:57:00.000000 UTC,2025-11-24 08:09:00.000000 UTC,1
21666,17287,Complete,F,2025-11-22 18:59:00.000000 UTC,,2025-11-22 19:57:00.000000 UTC,2025-11-24 08:09:00.000000 UTC,1
21666,17287,Complete,F,2025-11-22 18:59:00.000000 UTC,,2025-11-22 19:57:00.000000 UTC,2025-11-24 08:09:00.000000 UTC,1
22270,17763,Complete,F,2025-06-13 11:33:00.000000 UTC,,2025-06-16 00:13:00.000000 UTC,2025-06-18 01:29:00.000000 UTC,1
22270,17763,Complete,F,2025-06-13 11:33:00.000000 UTC,,2025-06-16 00:13:00.000000 UTC,2025-06-18 01:29:00.000000 UTC,1
23124,18449,Complete,F,2024-12-13 12:53:00.000000 UTC,,2024-12-15 20:23:00.000000 UTC,2024-12-19 12:55:00.000000 UTC,1
23124,18449,Complete,F,2024-12-13 12:53:00.000000 UTC,,2024-12-15 20:23:00.000000 UTC,2024-12-19 12:55:00.000000 UTC,1
23124,18449,Complete,F,2024-12-13 12:53:00.000000 UTC,,2024-12-15 20:23:00.000000 UTC,2024-12-19 12:55:00.000000 UTC,1
23124,18449,Complete,F,2024-12-13 12:53:00.000000 UTC,,2024-12-15 20:23:00.000000 UTC,2024-12-19 12:55:00.000000 UTC,1
24273,19381,Complete,F,2024-12-19 11:09:00.000000 UTC,,2024-12-21 10:24:00.000000 UTC,2024-12-21 18:03:00.000000 UTC,1
24273,19381,Complete,F,2024-12-19 11:09:00.000000 UTC,,2024-12-21 10:24:00.000000 UTC,2024-12-21 18:03:00.000000 UTC,1
24273,19381,Complete,F,2024-12-19 11:09:00.000000 UTC,,2024-12-21 10:24:00.000000 UTC,2024-12-21 18:03:00.000000 UTC,1
24273,19381,Complete,F,2024-12-19 11:09:00.000000 UTC,,2024-12-21 10:24:00.000000 UTC,2024-12-21 18:03:00.000000 UTC,1
24802,19775,Complete,F,2025-03-21 10:23:00.000000 UTC,,2025-03-21 20:32:00.000000 UTC,2025-03-25 14:28:00.000000 UTC,2
27901,22237,Complete,F,2025-07-10 03:29:00.000000 UTC,,2025-07-12 05:45:00.000000 UTC,2025-07-15 11:29:00.000000 UTC,2
27901,22237,Complete,F,2025-07-10 03:29:00.000000 UTC,,2025-07-12 05:45:00.000000 UTC,2025-07-15 11:29:00.000000 UTC,2
27902,22237,Complete,F,2025-06-18 03:29:00.000000 UTC,,2025-06-21 00:07:00.000000 UTC,2025-06-22 20:32:00.000000 UTC,3
27902,22237,Complete,F,2025-06-18 03:29:00.000000 UTC,,2025-06-21 00:07:00.000000 UTC,2025-06-22 20:32:00.000000 UTC,3
29997,23900,Complete,F,2025-04-04 02:00:00.000000 UTC,,2025-04-06 02:35:00.000000 UTC,2025-04-10 17:12:00.000000 UTC,1
30341,24164,Complete,F,2024-11-17 01:58:00.000000 UTC,,2024-11-17 20:06:00.000000 UTC,2024-11-22 17:03:00.000000 UTC,2
30597,24376,Complete,F,2025-06-27 01:14:00.000000 UTC,,2025-06-30 01:10:00.000000 UTC,2025-07-02 15:46:00.000000 UTC,1
30597,24376,Complete,F,2025-06-27 01:14:00.000000 UTC,,2025-06-30 01:10:00.000000 UTC,2025-07-02 15:46:00.000000 UTC,1
31421,25027,Complete,F,2025-03-09 01:40:00.000000 UTC,,2025-03-09 08:51:00.000000 UTC,2025-03-10 11:07:00.000000 UTC,1
31421,25027,Complete,F,2025-03-09 01:40:00.000000 UTC,,2025-03-09 08:51:00.000000 UTC,2025-03-10 11:07:00.000000 UTC,1
33816,26940,Complete,F,2025-04-20 00:09:00.000000 UTC,,2025-04-22 16:20:00.000000 UTC,2025-04-25 01:39:00.000000 UTC,1
33940,27037,Complete,F,2025-01-21 08:46:00.000000 UTC,,2025-01-22 13:54:00.000000 UTC,2025-01-25 10:37:00.000000 UTC,1
36069,28749,Complete,F,2024-07-28 00:50:00.000000 UTC,,2024-07-28 23:27:00.000000 UTC,2024-08-02 15:54:00.000000 UTC,1
36069,28749,Complete,F,2024-07-28 00:50:00.000000 UTC,,2024-07-28 23:27:00.000000 UTC,2024-08-02 15:54:00.000000 UTC,1
36258,28911,Complete,F,2025-10-21 12:11:00.000000 UTC,,2025-10-23 13:50:00.000000 UTC,2025-10-25 19:43:00.000000 UTC,1
37464,29886,Complete,F,2025-11-06 10:07:00.000000 UTC,,2025-11-09 03:01:00.000000 UTC,2025-11-13 18:45:00.000000 UTC,1
37464,29886,Complete,F,2025-11-06 10:07:00.000000 UTC,,2025-11-09 03:01:00.000000 UTC,2025-11-13 18:45:00.000000 UTC,1
38930,31074,Complete,F,2025-06-24 08:08:00.000000 UTC,,2025-06-26 02:11:00.000000 UTC,2025-06-29 05:21:00.000000 UTC,2
39152,31249,Complete,F,2025-03-29 06:53:00.000000 UTC,,2025-03-30 01:23:00.000000 UTC,2025-04-03 20:26:00.000000 UTC,4
39152,31249,Complete,F,2025-03-29 06:53:00.000000 UTC,,2025-03-30 01:23:00.000000 UTC,2025-04-03 20:26:00.000000 UTC,4
39276,31347,Complete,F,2025-09-09 04:56:00.000000 UTC,,2025-09-09 08:21:00.000000 UTC,2025-09-11 10:59:00.000000 UTC,1
39899,31881,Complete,F,2025-05-16 18:54:00.000000 UTC,,2025-05-17 20:18:00.000000 UTC,2025-05-18 12:49:00.000000 UTC,1
39899,31881,Complete,F,2025-05-16 18:54:00.000000 UTC,,2025-05-17 20:18:00.000000 UTC,2025-05-18 12:49:00.000000 UTC,1
39899,31881,Complete,F,2025-05-16 18:54:00.000000 UTC,,2025-05-17 20:18:00.000000 UTC,2025-05-18 12:49:00.000000 UTC,1
39899,31881,Complete,F,2025-05-16 18:54:00.000000 UTC,,2025-05-17 20:18:00.000000 UTC,2025-05-18 12:49:00.000000 UTC,1
40486,32350,Complete,F,2025-05-07 02:16:00.000000 UTC,,2025-05-08 08:17:00.000000 UTC,2025-05-09 06:50:00.000000 UTC,2
40486,32350,Complete,F,2025-05-07 02:16:00.000000 UTC,,2025-05-08 08:17:00.000000 UTC,2025-05-09 06:50:00.000000 UTC,2
40486,32350,Complete,F,2025-05-07 02:16:00.000000 UTC,,2025-05-08 08:17:00.000000 UTC,2025-05-09 06:50:00.000000 UTC,2
40486,32350,Complete,F,2025-05-07 02:16:00.000000 UTC,,2025-05-08 08:17:00.000000 UTC,2025-05-09 06:50:00.000000 UTC,2
42158,33673,Complete,F,2024-09-14 18:37:00.000000 UTC,,2024-09-17 13:01:00.000000 UTC,2024-09-18 20:19:00.000000 UTC,1
42843,34200,Complete,F,2025-10-28 11:24:00.000000 UTC,,2025-10-28 12:05:00.000000 UTC,2025-11-01 16:50:00.000000 UTC,1
46261,36922,Complete,F,2025-06-21 11:15:00.000000 UTC,,2025-06-21 15:06:00.000000 UTC,2025-06-24 15:35:00.000000 UTC,1
46280,36939,Complete,F,2025-10-28 00:38:00.000000 UTC,,2025-10-30 12:33:00.000000 UTC,2025-10-31 13:28:00.000000 UTC,2
46634,37225,Complete,F,2025-04-25 03:14:00.000000 UTC,,2025-04-25 04:05:00.000000 UTC,2025-04-28 04:23:00.000000 UTC,1
46634,37225,Complete,F,2025-04-25 03:14:00.000000 UTC,,2025-04-25 04:05:00.000000 UTC,2025-04-28 04:23:00.000000 UTC,1
46634,37225,Complete,F,2025-04-25 03:14:00.000000 UTC,,2025-04-25 04:05:00.000000 UTC,2025-04-28 04:23:00.000000 UTC,1
46634,37225,Complete,F,2025-04-25 03:14:00.000000 UTC,,2025-04-25 04:05:00.000000 UTC,2025-04-28 04:23:00.000000 UTC,1
50177,39958,Complete,F,2025-05-21 11:17:00.000000 UTC,,2025-05-22 14:29:00.000000 UTC,2025-05-27 04:26:00.000000 UTC,1
50246,40020,Complete,F,2025-08-23 13:05:00.000000 UTC,,2025-08-26 10:46:00.000000 UTC,2025-08-27 01:57:00.000000 UTC,1
50246,40020,Complete,F,2025-08-23 13:05:00.000000 UTC,,2025-08-26 10:46:00.000000 UTC,2025-08-27 01:57:00.000000 UTC,1
50326,40090,Complete,F,2025-11-03 09:06:00.000000 UTC,,2025-11-03 11:12:00.000000 UTC,2025-11-07 10:14:00.000000 UTC,1
50589,40310,Complete,F,2025-05-23 16:57:00.000000 UTC,,2025-05-25 15:13:00.000000 UTC,2025-05-27 00:15:00.000000 UTC,1
50589,40310,Complete,F,2025-05-23 16:57:00.000000 UTC,,2025-05-25 15:13:00.000000 UTC,2025-05-27 00:15:00.000000 UTC,1
50589,40310,Complete,F,2025-05-23 16:57:00.000000 UTC,,2025-05-25 15:13:00.000000 UTC,2025-05-27 00:15:00.000000 UTC,1
50589,40310,Complete,F,2025-05-23 16:57:00.000000 UTC,,2025-05-25 15:13:00.000000 UTC,2025-05-27 00:15:00.000000 UTC,1
52312,41679,Complete,F,2025-08-29 10:19:00.000000 UTC,,2025-08-30 00:07:00.000000 UTC,2025-09-01 16:13:00.000000 UTC,1
52470,41802,Complete,F,2025-04-24 03:40:00.000000 UTC,,2025-04-25 13:43:00.000000 UTC,2025-04-28 19:04:00.000000 UTC,1
53477,42601,Complete,F,2025-04-04 13:52:00.000000 UTC,,2025-04-04 17:51:00.000000 UTC,2025-04-06 13:22:00.000000 UTC,1
53477,42601,Complete,F,2025-04-04 13:52:00.000000 UTC,,2025-04-04 17:51:00.000000 UTC,2025-04-06 13:22:00.000000 UTC,1
53730,42809,Complete,F,2025-03-01 08:34:00.000000 UTC,,2025-03-03 09:54:00.000000 UTC,2025-03-04 10:02:00.000000 UTC,4
53730,42809,Complete,F,2025-03-01 08:34:00.000000 UTC,,2025-03-03 09:54:00.000000 UTC,2025-03-04 10:02:00.000000 UTC,4
54049,43046,Complete,F,2024-12-22 00:54:00.000000 UTC,,2024-12-22 08:32:00.000000 UTC,2024-12-25 13:23:00.000000 UTC,1
54259,43218,Complete,F,2025-08-19 02:33:00.000000 UTC,,2025-08-21 20:28:00.000000 UTC,2025-08-24 12:06:00.000000 UTC,1
54259,43218,Complete,F,2025-08-19 02:33:00.000000 UTC,,2025-08-21 20:28:00.000000 UTC,2025-08-24 12:06:00.000000 UTC,1
54259,43218,Complete,F,2025-08-19 02:33:00.000000 UTC,,2025-08-21 20:28:00.000000 UTC,2025-08-24 12:06:00.000000 UTC,1
54261,43218,Complete,F,2025-09-28 02:33:00.000000 UTC,,2025-09-29 13:30:00.000000 UTC,2025-10-03 00:09:00.000000 UTC,2
54261,43218,Complete,F,2025-09-28 02:33:00.000000 UTC,,2025-09-29 13:30:00.000000 UTC,2025-10-03 00:09:00.000000 UTC,2
54261,43218,Complete,F,2025-09-28 02:33:00.000000 UTC,,2025-09-29 13:30:00.000000 UTC,2025-10-03 00:09:00.000000 UTC,2
55876,44484,Complete,F,2025-05-19 10:17:00.000000 UTC,,2025-05-21 05:45:00.000000 UTC,2025-05-23 09:23:00.000000 UTC,1
56759,45184,Complete,F,2024-12-08 09:52:00.000000 UTC,,2024-12-11 07:41:00.000000 UTC,2024-12-12 12:11:00.000000 UTC,1
58647,46686,Complete,F,2025-06-03 09:26:00.000000 UTC,,2025-06-04 03:33:00.000000 UTC,2025-06-07 12:16:00.000000 UTC,1
58647,46686,Complete,F,2025-06-03 09:26:00.000000 UTC,,2025-06-04 03:33:00.000000 UTC,2025-06-07 12:16:00.000000 UTC,1
58824,46828,Complete,F,2025-10-30 13:58:00.000000 UTC,,2025-10-31 03:42:00.000000 UTC,2025-11-02 06:55:00.000000 UTC,1
58824,46828,Complete,F,2025-10-30 13:58:00.000000 UTC,,2025-10-31 03:42:00.000000 UTC,2025-11-02 06:55:00.000000 UTC,1
58824,46828,Complete,F,2025-10-30 13:58:00.000000 UTC,,2025-10-31 03:42:00.000000 UTC,2025-11-02 06:55:00.000000 UTC,1
59715,47497,Complete,F,2025-06-10 11:33:00.000000 UTC,,2025-06-13 04:05:00.000000 UTC,2025-06-16 01:34:00.000000 UTC,2
59715,47497,Complete,F,2025-06-10 11:33:00.000000 UTC,,2025-06-13 04:05:00.000000 UTC,2025-06-16 01:34:00.000000 UTC,2
59715,47497,Complete,F,2025-06-10 11:33:00.000000 UTC,,2025-06-13 04:05:00.000000 UTC,2025-06-16 01:34:00.000000 UTC,2
59715,47497,Complete,F,2025-06-10 11:33:00.000000 UTC,,2025-06-13 04:05:00.000000 UTC,2025-06-16 01:34:00.000000 UTC,2
60323,47952,Complete,F,2025-11-20 11:57:00.000000 UTC,,2025-11-23 03:48:00.000000 UTC,2025-11-24 03:58:00.000000 UTC,1
60513,48094,Complete,F,2025-10-08 08:51:00.000000 UTC,,2025-10-10 06:49:00.000000 UTC,2025-10-12 16:22:00.000000 UTC,1
63098,50167,Complete,F,2025-04-04 08:09:00.000000 UTC,,2025-04-05 01:47:00.000000 UTC,2025-04-08 00:52:00.000000 UTC,2
64472,51286,Complete,F,2025-09-28 15:17:00.000000 UTC,,2025-09-30 08:27:00.000000 UTC,2025-10-02 20:59:00.000000 UTC,1
64517,51324,Complete,F,2024-09-30 02:14:00.000000 UTC,,2024-10-01 10:55:00.000000 UTC,2024-10-02 12:54:00.000000 UTC,1
64517,51324,Complete,F,2024-09-30 02:14:00.000000 UTC,,2024-10-01 10:55:00.000000 UTC,2024-10-02 12:54:00.000000 UTC,1
64518,51324,Complete,F,2025-03-26 02:14:00.000000 UTC,,2025-03-27 03:30:00.000000 UTC,2025-03-28 13:13:00.000000 UTC,1
64518,51324,Complete,F,2025-03-26 02:14:00.000000 UTC,,2025-03-27 03:30:00.000000 UTC,2025-03-28 13:13:00.000000 UTC,1
64895,51618,Complete,F,2025-05-21 14:50:00.000000 UTC,,2025-05-21 23:11:00.000000 UTC,2025-05-23 00:48:00.000000 UTC,1
64895,51618,Complete,F,2025-05-21 14:50:00.000000 UTC,,2025-05-21 23:11:00.000000 UTC,2025-05-23 00:48:00.000000 UTC,1
65063,51758,Complete,F,2025-09-18 02:43:00.000000 UTC,,2025-09-20 21:14:00.000000 UTC,2025-09-21 01:57:00.000000 UTC,1
65063,51758,Complete,F,2025-09-18 02:43:00.000000 UTC,,2025-09-20 21:14:00.000000 UTC,2025-09-21 01:57:00.000000 UTC,1
65063,51758,Complete,F,2025-09-18 02:43:00.000000 UTC,,2025-09-20 21:14:00.000000 UTC,2025-09-21 01:57:00.000000 UTC,1
65063,51758,Complete,F,2025-09-18 02:43:00.000000 UTC,,2025-09-20 21:14:00.000000 UTC,2025-09-21 01:57:00.000000 UTC,1
65284,51934,Complete,F,2025-08-07 16:32:00.000000 UTC,,2025-08-08 03:51:00.000000 UTC,2025-08-11 06:28:00.000000 UTC,1
65616,52199,Complete,F,2025-06-29 03:42:00.000000 UTC,,2025-06-29 12:31:00.000000 UTC,2025-06-29 17:45:00.000000 UTC,1
65616,52199,Complete,F,2025-06-29 03:42:00.000000 UTC,,2025-06-29 12:31:00.000000 UTC,2025-06-29 17:45:00.000000 UTC,1
66576,52979,Complete,F,2025-03-13 18:37:00.000000 UTC,,2025-03-14 20:46:00.000000 UTC,2025-03-16 22:11:00.000000 UTC,4
66576,52979,Complete,F,2025-03-13 18:37:00.000000 UTC,,2025-03-14 20:46:00.000000 UTC,2025-03-16 22:11:00.000000 UTC,4
66576,52979,Complete,F,2025-03-13 18:37:00.000000 UTC,,2025-03-14 20:46:00.000000 UTC,2025-03-16 22:11:00.000000 UTC,4
66576,52979,Complete,F,2025-03-13 18:37:00.000000 UTC,,2025-03-14 20:46:00.000000 UTC,2025-03-16 22:11:00.000000 UTC,4
66846,53181,Complete,F,2025-11-05 08:38:00.000000 UTC,,2025-11-08 04:36:00.000000 UTC,2025-11-08 19:12:00.000000 UTC,2
66974,53274,Complete,F,2025-03-24 16:05:00.000000 UTC,,2025-03-24 17:37:00.000000 UTC,2025-03-27 17:26:00.000000 UTC,1
66974,53274,Complete,F,2025-03-24 16:05:00.000000 UTC,,2025-03-24 17:37:00.000000 UTC,2025-03-27 17:26:00.000000 UTC,1
70158,55854,Complete,F,2025-07-07 01:00:00.000000 UTC,,2025-07-08 23:07:00.000000 UTC,2025-07-13 02:28:00.000000 UTC,1
70158,55854,Complete,F,2025-07-07 01:00:00.000000 UTC,,2025-07-08 23:07:00.000000 UTC,2025-07-13 02:28:00.000000 UTC,1
70158,55854,Complete,F,2025-07-07 01:00:00.000000 UTC,,2025-07-08 23:07:00.000000 UTC,2025-07-13 02:28:00.000000 UTC,1
70158,55854,Complete,F,2025-07-07 01:00:00.000000 UTC,,2025-07-08 23:07:00.000000 UTC,2025-07-13 02:28:00.000000 UTC,1
70644,56249,Complete,F,2025-08-09 05:19:00.000000 UTC,,2025-08-11 18:43:00.000000 UTC,2025-08-14 11:37:00.000000 UTC,2
70644,56249,Complete,F,2025-08-09 05:19:00.000000 UTC,,2025-08-11 18:43:00.000000 UTC,2025-08-14 11:37:00.000000 UTC,2
70645,56249,Complete,F,2025-08-25 05:19:00.000000 UTC,,2025-08-27 13:09:00.000000 UTC,2025-08-27 17:44:00.000000 UTC,1
70645,56249,Complete,F,2025-08-25 05:19:00.000000 UTC,,2025-08-27 13:09:00.000000 UTC,2025-08-27 17:44:00.000000 UTC,1
70908,56466,Complete,F,2025-09-27 16:29:00.000000 UTC,,2025-09-29 17:32:00.000000 UTC,2025-10-03 08:10:00.000000 UTC,1
72117,57449,Complete,F,2025-09-14 05:59:00.000000 UTC,,2025-09-15 07:32:00.000000 UTC,2025-09-15 15:06:00.000000 UTC,1
74099,59007,Complete,F,2024-11-09 18:35:00.000000 UTC,,2024-11-10 17:55:00.000000 UTC,2024-11-13 22:29:00.000000 UTC,1
74099,59007,Complete,F,2024-11-09 18:35:00.000000 UTC,,2024-11-10 17:55:00.000000 UTC,2024-11-13 22:29:00.000000 UTC,1
74400,59221,Complete,F,2025-04-02 14:11:00.000000 UTC,,2025-04-02 16:38:00.000000 UTC,2025-04-07 15:00:00.000000 UTC,1
74759,59517,Complete,F,2025-07-13 01:11:00.000000 UTC,,2025-07-15 12:31:00.000000 UTC,2025-07-16 10:55:00.000000 UTC,1
75680,60270,Complete,F,2025-07-28 01:23:00.000000 UTC,,2025-07-30 21:42:00.000000 UTC,2025-08-03 03:09:00.000000 UTC,1
76006,60541,Complete,F,2025-07-21 08:16:00.000000 UTC,,2025-07-24 06:00:00.000000 UTC,2025-07-25 13:55:00.000000 UTC,1
76006,60541,Complete,F,2025-07-21 08:16:00.000000 UTC,,2025-07-24 06:00:00.000000 UTC,2025-07-25 13:55:00.000000 UTC,1
76006,60541,Complete,F,2025-07-21 08:16:00.000000 UTC,,2025-07-24 06:00:00.000000 UTC,2025-07-25 13:55:00.000000 UTC,1
76006,60541,Complete,F,2025-07-21 08:16:00.000000 UTC,,2025-07-24 06:00:00.000000 UTC,2025-07-25 13:55:00.000000 UTC,1
77042,61370,Complete,F,2025-06-11 13:43:00.000000 UTC,,2025-06-13 13:50:00.000000 UTC,2025-06-16 01:26:00.000000 UTC,2
77042,61370,Complete,F,2025-06-11 13:43:00.000000 UTC,,2025-06-13 13:50:00.000000 UTC,2025-06-16 01:26:00.000000 UTC,2
78901,62863,Complete,F,2025-07-19 18:47:00.000000 UTC,,2025-07-21 18:12:00.000000 UTC,2025-07-24 05:41:00.000000 UTC,1
79359,63207,Complete,F,2024-12-14 17:11:00.000000 UTC,,2024-12-17 15:50:00.000000 UTC,2024-12-19 04:19:00.000000 UTC,1
79359,63207,Complete,F,2024-12-14 17:11:00.000000 UTC,,2024-12-17 15:50:00.000000 UTC,2024-12-19 04:19:00.000000 UTC,1
79903,63641,Complete,F,2025-10-19 05:04:00.000000 UTC,,2025-10-21 00:28:00.000000 UTC,2025-10-22 16:25:00.000000 UTC,1
79903,63641,Complete,F,2025-10-19 05:04:00.000000 UTC,,2025-10-21 00:28:00.000000 UTC,2025-10-22 16:25:00.000000 UTC,1
80510,64124,Complete,F,2025-11-03 14:03:00.000000 UTC,,2025-11-05 06:54:00.000000 UTC,2025-11-05 13:44:00.000000 UTC,4
81389,64852,Complete,F,2025-04-06 11:26:00.000000 UTC,,2025-04-08 03:44:00.000000 UTC,2025-04-13 00:51:00.000000 UTC,2
82674,65830,Complete,F,2025-04-28 10:25:00.000000 UTC,,2025-05-01 06:56:00.000000 UTC,2025-05-03 00:07:00.000000 UTC,1
82674,65830,Complete,F,2025-04-28 10:25:00.000000 UTC,,2025-05-01 06:56:00.000000 UTC,2025-05-03 00:07:00.000000 UTC,1
82674,65830,Complete,F,2025-04-28 10:25:00.000000 UTC,,2025-05-01 06:56:00.000000 UTC,2025-05-03 00:07:00.000000 UTC,1
82675,65830,Complete,F,2024-06-17 10:25:00.000000 UTC,,2024-06-19 19:39:00.000000 UTC,2024-06-21 06:53:00.000000 UTC,1
82675,65830,Complete,F,2024-06-17 10:25:00.000000 UTC,,2024-06-19 19:39:00.000000 UTC,2024-06-21 06:53:00.000000 UTC,1
82675,65830,Complete,F,2024-06-17 10:25:00.000000 UTC,,2024-06-19 19:39:00.000000 UTC,2024-06-21 06:53:00.000000 UTC,1
85870,68433,Complete,F,2024-07-10 07:09:00.000000 UTC,,2024-07-11 23:13:00.000000 UTC,2024-07-15 23:50:00.000000 UTC,1
85870,68433,Complete,F,2024-07-10 07:09:00.000000 UTC,,2024-07-11 23:13:00.000000 UTC,2024-07-15 23:50:00.000000 UTC,1
86044,68570,Complete,F,2025-03-25 16:18:00.000000 UTC,,2025-03-27 00:22:00.000000 UTC,2025-03-28 22:56:00.000000 UTC,1
89196,71038,Complete,F,2024-08-11 06:59:00.000000 UTC,,2024-08-11 14:21:00.000000 UTC,2024-08-14 18:28:00.000000 UTC,4
89196,71038,Complete,F,2024-08-11 06:59:00.000000 UTC,,2024-08-11 14:21:00.000000 UTC,2024-08-14 18:28:00.000000 UTC,4
89930,71636,Complete,F,2025-07-11 07:11:00.000000 UTC,,2025-07-13 00:38:00.000000 UTC,2025-07-14 20:58:00.000000 UTC,1
90364,71992,Complete,F,2025-09-13 01:23:00.000000 UTC,,2025-09-15 18:04:00.000000 UTC,2025-09-16 03:12:00.000000 UTC,1
90586,72177,Complete,F,2025-07-23 01:42:00.000000 UTC,,2025-07-24 23:52:00.000000 UTC,2025-07-28 05:16:00.000000 UTC,1
90586,72177,Complete,F,2025-07-23 01:42:00.000000 UTC,,2025-07-24 23:52:00.000000 UTC,2025-07-28 05:16:00.000000 UTC,1
90586,72177,Complete,F,2025-07-23 01:42:00.000000 UTC,,2025-07-24 23:52:00.000000 UTC,2025-07-28 05:16:00.000000 UTC,1
90586,72177,Complete,F,2025-07-23 01:42:00.000000 UTC,,2025-07-24 23:52:00.000000 UTC,2025-07-28 05:16:00.000000 UTC,1
93896,74809,Complete,F,2025-04-10 14:17:00.000000 UTC,,2025-04-12 17:27:00.000000 UTC,2025-04-12 22:46:00.000000 UTC,1
93896,74809,Complete,F,2025-04-10 14:17:00.000000 UTC,,2025-04-12 17:27:00.000000 UTC,2025-04-12 22:46:00.000000 UTC,1
96694,77003,Complete,F,2025-04-25 17:09:00.000000 UTC,,2025-04-27 02:06:00.000000 UTC,2025-05-01 17:28:00.000000 UTC,1
97573,77677,Complete,F,2025-07-24 13:09:00.000000 UTC,,2025-07-25 17:55:00.000000 UTC,2025-07-30 08:25:00.000000 UTC,2
97573,77677,Complete,F,2025-07-24 13:09:00.000000 UTC,,2025-07-25 17:55:00.000000 UTC,2025-07-30 08:25:00.000000 UTC,2
97656,77740,Complete,F,2025-07-28 04:52:00.000000 UTC,,2025-07-30 13:42:00.000000 UTC,2025-08-04 02:06:00.000000 UTC,1
97656,77740,Complete,F,2025-07-28 04:52:00.000000 UTC,,2025-07-30 13:42:00.000000 UTC,2025-08-04 02:06:00.000000 UTC,1
100027,79616,Complete,F,2025-04-11 01:14:00.000000 UTC,,2025-04-11 20:39:00.000000 UTC,2025-04-15 13:17:00.000000 UTC,1
100027,79616,Complete,F,2025-04-11 01:14:00.000000 UTC,,2025-04-11 20:39:00.000000 UTC,2025-04-15 13:17:00.000000 UTC,1
100027,79616,Complete,F,2025-04-11 01:14:00.000000 UTC,,2025-04-11 20:39:00.000000 UTC,2025-04-15 13:17:00.000000 UTC,1
100721,80140,Complete,F,2025-03-20 12:23:00.000000 UTC,,2025-03-22 13:15:00.000000 UTC,2025-03-25 04:11:00.000000 UTC,1
102403,81460,Complete,F,2025-09-30 03:42:00.000000 UTC,,2025-09-30 17:24:00.000000 UTC,2025-10-04 05:25:00.000000 UTC,2
105136,83629,Complete,F,2025-08-30 15:30:00.000000 UTC,,2025-09-01 20:07:00.000000 UTC,2025-09-04 05:10:00.000000 UTC,1
105376,83826,Complete,F,2025-09-26 06:50:00.000000 UTC,,2025-09-29 03:48:00.000000 UTC,2025-10-03 05:39:00.000000 UTC,2
105611,84041,Complete,F,2025-10-10 04:28:00.000000 UTC,,2025-10-11 04:25:00.000000 UTC,2025-10-14 02:51:00.000000 UTC,2
105611,84041,Complete,F,2025-10-10 04:28:00.000000 UTC,,2025-10-11 04:25:00.000000 UTC,2025-10-14 02:51:00.000000 UTC,2
105611,84041,Complete,F,2025-10-10 04:28:00.000000 UTC,,2025-10-11 04:25:00.000000 UTC,2025-10-14 02:51:00.000000 UTC,2
105611,84041,Complete,F,2025-10-10 04:28:00.000000 UTC,,2025-10-11 04:25:00.000000 UTC,2025-10-14 02:51:00.000000 UTC,2
108101,86012,Complete,F,2025-03-19 03:35:00.000000 UTC,,2025-03-20 05:10:00.000000 UTC,2025-03-22 08:37:00.000000 UTC,1
108101,86012,Complete,F,2025-03-19 03:35:00.000000 UTC,,2025-03-20 05:10:00.000000 UTC,2025-03-22 08:37:00.000000 UTC,1
108101,86012,Complete,F,2025-03-19 03:35:00.000000 UTC,,2025-03-20 05:10:00.000000 UTC,2025-03-22 08:37:00.000000 UTC,1
108226,86121,Complete,F,2025-03-22 08:58:00.000000 UTC,,2025-03-23 11:59:00.000000 UTC,2025-03-24 16:27:00.000000 UTC,1
108226,86121,Complete,F,2025-03-22 08:58:00.000000 UTC,,2025-03-23 11:59:00.000000 UTC,2025-03-24 16:27:00.000000 UTC,1
109132,86817,Complete,F,2025-04-15 05:02:00.000000 UTC,,2025-04-18 04:16:00.000000 UTC,2025-04-18 10:41:00.000000 UTC,1
109132,86817,Complete,F,2025-04-15 05:02:00.000000 UTC,,2025-04-18 04:16:00.000000 UTC,2025-04-18 10:41:00.000000 UTC,1
109838,87386,Complete,F,2025-02-25 04:42:00.000000 UTC,,2025-02-26 20:11:00.000000 UTC,2025-02-28 19:09:00.000000 UTC,1
109838,87386,Complete,F,2025-02-25 04:42:00.000000 UTC,,2025-02-26 20:11:00.000000 UTC,2025-02-28 19:09:00.000000 UTC,1
109838,87386,Complete,F,2025-02-25 04:42:00.000000 UTC,,2025-02-26 20:11:00.000000 UTC,2025-02-28 19:09:00.000000 UTC,1
109838,87386,Complete,F,2025-02-25 04:42:00.000000 UTC,,2025-02-26 20:11:00.000000 UTC,2025-02-28 19:09:00.000000 UTC,1
111725,88838,Complete,F,2024-10-15 06:11:00.000000 UTC,,2024-10-16 14:27:00.000000 UTC,2024-10-20 22:27:00.000000 UTC,2
112365,89332,Complete,F,2025-09-26 05:34:00.000000 UTC,,2025-09-26 12:28:00.000000 UTC,2025-09-28 19:54:00.000000 UTC,2
114484,91059,Complete,F,2025-07-02 16:05:00.000000 UTC,,2025-07-04 06:40:00.000000 UTC,2025-07-06 21:42:00.000000 UTC,1
114484,91059,Complete,F,2025-07-02 16:05:00.000000 UTC,,2025-07-04 06:40:00.000000 UTC,2025-07-06 21:42:00.000000 UTC,1
114485,91059,Complete,F,2025-04-23 16:05:00.000000 UTC,,2025-04-25 12:19:00.000000 UTC,2025-04-27 09:51:00.000000 UTC,1
114485,91059,Complete,F,2025-04-23 16:05:00.000000 UTC,,2025-04-25 12:19:00.000000 UTC,2025-04-27 09:51:00.000000 UTC,1
114861,91356,Complete,F,2025-06-21 02:58:00.000000 UTC,,2025-06-22 17:20:00.000000 UTC,2025-06-26 13:53:00.000000 UTC,1
115186,91616,Complete,F,2025-01-29 09:43:00.000000 UTC,,2025-01-29 23:03:00.000000 UTC,2025-01-30 06:24:00.000000 UTC,1
115520,91875,Complete,F,2024-10-10 18:42:00.000000 UTC,,2024-10-11 10:22:00.000000 UTC,2024-10-11 19:37:00.000000 UTC,1
116890,93008,Complete,F,2024-10-23 16:36:00.000000 UTC,,2024-10-24 23:53:00.000000 UTC,2024-10-26 00:47:00.000000 UTC,4
116890,93008,Complete,F,2024-10-23 16:36:00.000000 UTC,,2024-10-24 23:53:00.000000 UTC,2024-10-26 00:47:00.000000 UTC,4
116956,93063,Complete,F,2025-04-30 07:09:00.000000 UTC,,2025-05-03 02:56:00.000000 UTC,2025-05-06 03:19:00.000000 UTC,3
117203,93274,Complete,F,2025-06-12 11:55:00.000000 UTC,,2025-06-14 22:37:00.000000 UTC,2025-06-15 16:09:00.000000 UTC,2
118921,94601,Complete,F,2025-03-10 11:50:00.000000 UTC,,2025-03-11 20:16:00.000000 UTC,2025-03-13 19:43:00.000000 UTC,1
118967,94632,Complete,F,2024-11-29 15:27:00.000000 UTC,,2024-11-30 07:40:00.000000 UTC,2024-12-02 16:12:00.000000 UTC,1
119153,94801,Complete,F,2025-07-31 06:19:00.000000 UTC,,2025-08-01 20:08:00.000000 UTC,2025-08-03 23:46:00.000000 UTC,2
120535,95927,Complete,F,2025-01-13 08:21:00.000000 UTC,,2025-01-15 23:48:00.000000 UTC,2025-01-19 20:17:00.000000 UTC,3
123706,98375,Complete,F,2025-09-23 15:07:00.000000 UTC,,2025-09-24 03:10:00.000000 UTC,2025-09-26 22:33:00.000000 UTC,1
123706,98375,Complete,F,2025-09-23 15:07:00.000000 UTC,,2025-09-24 03:10:00.000000 UTC,2025-09-26 22:33:00.000000 UTC,1
125291,99647,Complete,F,2025-03-20 18:40:00.000000 UTC,,2025-03-22 18:40:00.000000 UTC,2025-03-27 15:09:00.000000 UTC,1
125303,99657,Complete,F,2025-10-04 18:20:00.000000 UTC,,2025-10-07 02:08:00.000000 UTC,2025-10-11 00:35:00.000000 UTC,2
125303,99657,Complete,F,2025-10-04 18:20:00.000000 UTC,,2025-10-07 02:08:00.000000 UTC,2025-10-11 00:35:00.000000 UTC,2
125315,99666,Complete,F,2024-11-23 06:17:00.000000 UTC,,2024-11-23 07:25:00.000000 UTC,2024-11-25 07:59:00.000000 UTC,2
423,346,Processing,F,2024-11-13 02:16:00.000000 UTC,,,,1
423,346,Processing,F,2024-11-13 02:16:00.000000 UTC,,,,1
1301,1041,Processing,F,2025-10-17 12:45:00.000000 UTC,,,,1
2944,2338,Processing,F,2025-01-06 07:28:00.000000 UTC,,,,1
6536,5228,Processing,F,2025-05-18 15:16:00.000000 UTC,,,,1
7347,5891,Processing,F,2024-10-17 17:40:00.000000 UTC,,,,1
9634,7675,Processing,F,2025-11-04 18:05:00.000000 UTC,,,,2
10886,8728,Processing,F,2025-03-18 08:33:00.000000 UTC,,,,1
10886,8728,Processing,F,2025-03-18 08:33:00.000000 UTC,,,,1
10886,8728,Processing,F,2025-03-18 08:33:00.000000 UTC,,,,1
15038,11992,Processing,F,2025-05-11 09:18:00.000000 UTC,,,,1
15038,11992,Processing,F,2025-05-11 09:18:00.000000 UTC,,,,1
16146,12886,Processing,F,2025-06-06 04:37:00.000000 UTC,,,,2
17310,13820,Processing,F,2025-10-05 01:11:00.000000 UTC,,,,1
17310,13820,Processing,F,2025-10-05 01:11:00.000000 UTC,,,,1
17310,13820,Processing,F,2025-10-05 01:11:00.000000 UTC,,,,1
17310,13820,Processing,F,2025-10-05 01:11:00.000000 UTC,,,,1
18831,15021,Processing,F,2024-10-26 02:36:00.000000 UTC,,,,1
18831,15021,Processing,F,2024-10-26 02:36:00.000000 UTC,,,,1
20461,16334,Processing,F,2025-09-11 03:00:00.000000 UTC,,,,1
20461,16334,Processing,F,2025-09-11 03:00:00.000000 UTC,,,,1
21392,17088,Processing,F,2025-08-18 18:40:00.000000 UTC,,,,2
21725,17333,Processing,F,2025-09-21 12:25:00.000000 UTC,,,,1
22271,17763,Processing,F,2025-11-10 11:33:00.000000 UTC,,,,1
22271,17763,Processing,F,2025-11-10 11:33:00.000000 UTC,,,,1
23127,18449,Processing,F,2025-01-05 12:53:00.000000 UTC,,,,2
23127,18449,Processing,F,2025-01-05 12:53:00.000000 UTC,,,,2
23127,18449,Processing,F,2025-01-05 12:53:00.000000 UTC,,,,2
23127,18449,Processing,F,2025-01-05 12:53:00.000000 UTC,,,,2
24173,19302,Processing,F,2025-02-09 12:57:00.000000 UTC,,,,2
24681,19677,Processing,F,2025-02-16 02:42:00.000000 UTC,,,,1
24681,19677,Processing,F,2025-02-16 02:42:00.000000 UTC,,,,1
26613,21205,Processing,F,2025-02-18 14:46:00.000000 UTC,,,,3
29353,23369,Processing,F,2024-11-07 08:22:00.000000 UTC,,,,2
30314,24143,Processing,F,2025-05-20 06:29:00.000000 UTC,,,,2
30342,24165,Processing,F,2025-09-30 08:02:00.000000 UTC,,,,2
30680,24436,Processing,F,2025-10-25 02:51:00.000000 UTC,,,,1
30680,24436,Processing,F,2025-10-25 02:51:00.000000 UTC,,,,1
30680,24436,Processing,F,2025-10-25 02:51:00.000000 UTC,,,,1
31530,25117,Processing,F,2025-04-25 03:30:00.000000 UTC,,,,1
31530,25117,Processing,F,2025-04-25 03:30:00.000000 UTC,,,,1
33688,26832,Processing,F,2025-01-31 08:32:00.000000 UTC,,,,1
34295,27322,Processing,F,2024-09-17 03:21:00.000000 UTC,,,,1
34551,27544,Processing,F,2025-04-11 06:32:00.000000 UTC,,,,1
35643,28386,Processing,F,2025-03-03 07:01:00.000000 UTC,,,,1
35643,28386,Processing,F,2025-03-03 07:01:00.000000 UTC,,,,1
36639,29210,Processing,F,2025-06-20 18:43:00.000000 UTC,,,,1
36639,29210,Processing,F,2025-06-20 18:43:00.000000 UTC,,,,1
38077,30367,Processing,F,2024-10-25 06:35:00.000000 UTC,,,,2
38077,30367,Processing,F,2024-10-25 06:35:00.000000 UTC,,,,2
38078,30367,Processing,F,2025-01-19 06:35:00.000000 UTC,,,,1
38078,30367,Processing,F,2025-01-19 06:35:00.000000 UTC,,,,1
38213,30485,Processing,F,2025-04-02 16:01:00.000000 UTC,,,,2
38771,30940,Processing,F,2025-04-25 15:11:00.000000 UTC,,,,2
38771,30940,Processing,F,2025-04-25 15:11:00.000000 UTC,,,,2
39718,31721,Processing,F,2025-03-18 16:47:00.000000 UTC,,,,1
39718,31721,Processing,F,2025-03-18 16:47:00.000000 UTC,,,,1
39900,31881,Processing,F,2025-02-13 18:54:00.000000 UTC,,,,1
39900,31881,Processing,F,2025-02-13 18:54:00.000000 UTC,,,,1
39900,31881,Processing,F,2025-02-13 18:54:00.000000 UTC,,,,1
39900,31881,Processing,F,2025-02-13 18:54:00.000000 UTC,,,,1
40487,32350,Processing,F,2025-04-06 02:16:00.000000 UTC,,,,2
40487,32350,Processing,F,2025-04-06 02:16:00.000000 UTC,,,,2
40487,32350,Processing,F,2025-04-06 02:16:00.000000 UTC,,,,2
40487,32350,Processing,F,2025-04-06 02:16:00.000000 UTC,,,,2
43181,34456,Processing,F,2025-03-26 02:45:00.000000 UTC,,,,1
43181,34456,Processing,F,2025-03-26 02:45:00.000000 UTC,,,,1
43181,34456,Processing,F,2025-03-26 02:45:00.000000 UTC,,,,1
50144,39933,Processing,F,2025-09-17 09:28:00.000000 UTC,,,,1
52016,41424,Processing,F,2025-06-28 13:50:00.000000 UTC,,,,1
56466,44949,Processing,F,2025-04-22 07:09:00.000000 UTC,,,,1
56758,45183,Processing,F,2025-11-09 06:19:00.000000 UTC,,,,2
58823,46828,Processing,F,2025-08-07 13:58:00.000000 UTC,,,,2
58823,46828,Processing,F,2025-08-07 13:58:00.000000 UTC,,,,2
58823,46828,Processing,F,2025-08-07 13:58:00.000000 UTC,,,,2
59713,47497,Processing,F,2025-06-01 11:33:00.000000 UTC,,,,1
59713,47497,Processing,F,2025-06-01 11:33:00.000000 UTC,,,,1
59713,47497,Processing,F,2025-06-01 11:33:00.000000 UTC,,,,1
59713,47497,Processing,F,2025-06-01 11:33:00.000000 UTC,,,,1
59826,47574,Processing,F,2024-09-12 17:42:00.000000 UTC,,,,1
59826,47574,Processing,F,2024-09-12 17:42:00.000000 UTC,,,,1
60677,48223,Processing,F,2025-11-18 09:15:00.000000 UTC,,,,1
60677,48223,Processing,F,2025-11-18 09:15:00.000000 UTC,,,,1
61009,48473,Processing,F,2025-11-22 06:41:00.000000 UTC,,,,1
62030,49324,Processing,F,2025-06-11 09:38:00.000000 UTC,,,,1
62243,49500,Processing,F,2025-01-19 14:28:00.000000 UTC,,,,2
63918,50845,Processing,F,2025-07-13 02:15:00.000000 UTC,,,,4
63918,50845,Processing,F,2025-07-13 02:15:00.000000 UTC,,,,4
63919,50845,Processing,F,2025-06-17 02:15:00.000000 UTC,,,,3
63919,50845,Processing,F,2025-06-17 02:15:00.000000 UTC,,,,3
63949,50874,Processing,F,2025-06-13 10:25:00.000000 UTC,,,,1
64896,51618,Processing,F,2025-10-01 14:50:00.000000 UTC,,,,1
64896,51618,Processing,F,2025-10-01 14:50:00.000000 UTC,,,,1
66577,52979,Processing,F,2025-08-13 18:37:00.000000 UTC,,,,1
66577,52979,Processing,F,2025-08-13 18:37:00.000000 UTC,,,,1
66577,52979,Processing,F,2025-08-13 18:37:00.000000 UTC,,,,1
66577,52979,Processing,F,2025-08-13 18:37:00.000000 UTC,,,,1
66595,52993,Processing,F,2025-09-11 05:25:00.000000 UTC,,,,1
66595,52993,Processing,F,2025-09-11 05:25:00.000000 UTC,,,,1
66596,52993,Processing,F,2025-06-08 05:25:00.000000 UTC,,,,2
66596,52993,Processing,F,2025-06-08 05:25:00.000000 UTC,,,,2
66758,53113,Processing,F,2025-05-14 13:14:00.000000 UTC,,,,2
66758,53113,Processing,F,2025-05-14 13:14:00.000000 UTC,,,,2
66759,53113,Processing,F,2025-01-29 13:14:00.000000 UTC,,,,1
66759,53113,Processing,F,2025-01-29 13:14:00.000000 UTC,,,,1
70160,55854,Processing,F,2025-06-26 01:00:00.000000 UTC,,,,2
70160,55854,Processing,F,2025-06-26 01:00:00.000000 UTC,,,,2
70160,55854,Processing,F,2025-06-26 01:00:00.000000 UTC,,,,2
70160,55854,Processing,F,2025-06-26 01:00:00.000000 UTC,,,,2
73608,58618,Processing,F,2025-06-14 01:36:00.000000 UTC,,,,2
74098,59007,Processing,F,2025-03-05 18:35:00.000000 UTC,,,,2
74098,59007,Processing,F,2025-03-05 18:35:00.000000 UTC,,,,2
76008,60541,Processing,F,2025-07-06 08:16:00.000000 UTC,,,,1
76008,60541,Processing,F,2025-07-06 08:16:00.000000 UTC,,,,1
76008,60541,Processing,F,2025-07-06 08:16:00.000000 UTC,,,,1
76008,60541,Processing,F,2025-07-06 08:16:00.000000 UTC,,,,1
77043,61370,Processing,F,2025-07-23 13:43:00.000000 UTC,,,,1
77043,61370,Processing,F,2025-07-23 13:43:00.000000 UTC,,,,1
77850,62015,Processing,F,2025-07-02 06:03:00.000000 UTC,,,,1
79043,62979,Processing,F,2025-06-24 12:05:00.000000 UTC,,,,1
79043,62979,Processing,F,2025-06-24 12:05:00.000000 UTC,,,,1
79360,63207,Processing,F,2025-06-24 17:11:00.000000 UTC,,,,1
79360,63207,Processing,F,2025-06-24 17:11:00.000000 UTC,,,,1
80286,63957,Processing,F,2025-07-28 00:57:00.000000 UTC,,,,1
80286,63957,Processing,F,2025-07-28 00:57:00.000000 UTC,,,,1
82673,65830,Processing,F,2025-10-20 10:25:00.000000 UTC,,,,1
82673,65830,Processing,F,2025-10-20 10:25:00.000000 UTC,,,,1
82673,65830,Processing,F,2025-10-20 10:25:00.000000 UTC,,,,1
85658,68259,Processing,F,2025-10-31 07:06:00.000000 UTC,,,,1
85658,68259,Processing,F,2025-10-31 07:06:00.000000 UTC,,,,1
87306,69580,Processing,F,2025-10-15 03:44:00.000000 UTC,,,,1
88389,70445,Processing,F,2025-03-01 00:20:00.000000 UTC,,,,1
88389,70445,Processing,F,2025-03-01 00:20:00.000000 UTC,,,,1
88389,70445,Processing,F,2025-03-01 00:20:00.000000 UTC,,,,1
88389,70445,Processing,F,2025-03-01 00:20:00.000000 UTC,,,,1
90419,72038,Processing,F,2024-08-23 11:25:00.000000 UTC,,,,2
90587,72177,Processing,F,2025-11-09 01:42:00.000000 UTC,,,,1
90587,72177,Processing,F,2025-11-09 01:42:00.000000 UTC,,,,1
90587,72177,Processing,F,2025-11-09 01:42:00.000000 UTC,,,,1
90587,72177,Processing,F,2025-11-09 01:42:00.000000 UTC,,,,1
90988,72496,Processing,F,2025-09-02 16:01:00.000000 UTC,,,,4
90988,72496,Processing,F,2025-09-02 16:01:00.000000 UTC,,,,4
92349,73570,Processing,F,2025-09-13 01:48:00.000000 UTC,,,,1
92349,73570,Processing,F,2025-09-13 01:48:00.000000 UTC,,,,1
92349,73570,Processing,F,2025-09-13 01:48:00.000000 UTC,,,,1
92349,73570,Processing,F,2025-09-13 01:48:00.000000 UTC,,,,1
92351,73570,Processing,F,2025-09-21 01:48:00.000000 UTC,,,,1
92351,73570,Processing,F,2025-09-21 01:48:00.000000 UTC,,,,1
92351,73570,Processing,F,2025-09-21 01:48:00.000000 UTC,,,,1
92351,73570,Processing,F,2025-09-21 01:48:00.000000 UTC,,,,1
96591,76930,Processing,F,2025-11-22 12:22:00.000000 UTC,,,,1
96757,77051,Processing,F,2025-10-06 15:44:00.000000 UTC,,,,1
96894,77148,Processing,F,2025-06-17 12:27:00.000000 UTC,,,,1
96894,77148,Processing,F,2025-06-17 12:27:00.000000 UTC,,,,1
96895,77148,Processing,F,2025-04-02 12:27:00.000000 UTC,,,,1
96895,77148,Processing,F,2025-04-02 12:27:00.000000 UTC,,,,1
97655,77740,Processing,F,2025-05-13 04:52:00.000000 UTC,,,,1
97655,77740,Processing,F,2025-05-13 04:52:00.000000 UTC,,,,1
100028,79616,Processing,F,2025-05-10 01:14:00.000000 UTC,,,,2
100028,79616,Processing,F,2025-05-10 01:14:00.000000 UTC,,,,2
100028,79616,Processing,F,2025-05-10 01:14:00.000000 UTC,,,,2
100277,79808,Processing,F,2025-10-06 12:55:00.000000 UTC,,,,1
100277,79808,Processing,F,2025-10-06 12:55:00.000000 UTC,,,,1
100317,79838,Processing,F,2025-08-13 16:36:00.000000 UTC,,,,1
100589,80035,Processing,F,2025-07-23 08:58:00.000000 UTC,,,,2
105505,83934,Processing,F,2025-06-20 14:54:00.000000 UTC,,,,2
105608,84041,Processing,F,2025-06-09 04:28:00.000000 UTC,,,,1
105608,84041,Processing,F,2025-06-09 04:28:00.000000 UTC,,,,1
105608,84041,Processing,F,2025-06-09 04:28:00.000000 UTC,,,,1
105608,84041,Processing,F,2025-06-09 04:28:00.000000 UTC,,,,1
107025,85146,Processing,F,2025-10-24 07:09:00.000000 UTC,,,,1
107985,85914,Processing,F,2025-04-18 16:02:00.000000 UTC,,,,1
107985,85914,Processing,F,2025-04-18 16:02:00.000000 UTC,,,,1
107985,85914,Processing,F,2025-04-18 16:02:00.000000 UTC,,,,1
109841,87386,Processing,F,2024-08-17 04:42:00.000000 UTC,,,,1
109841,87386,Processing,F,2024-08-17 04:42:00.000000 UTC,,,,1
109841,87386,Processing,F,2024-08-17 04:42:00.000000 UTC,,,,1
109841,87386,Processing,F,2024-08-17 04:42:00.000000 UTC,,,,1
110767,88102,Processing,F,2025-10-08 01:48:00.000000 UTC,,,,2
110893,88182,Processing,F,2024-12-29 00:56:00.000000 UTC,,,,1
110893,88182,Processing,F,2024-12-29 00:56:00.000000 UTC,,,,1
112488,89449,Processing,F,2025-10-12 15:24:00.000000 UTC,,,,1
113678,90391,Processing,F,2025-06-20 00:01:00.000000 UTC,,,,2
117188,93261,Processing,F,2025-07-14 00:54:00.000000 UTC,,,,1
118175,94023,Processing,F,2025-10-09 09:14:00.000000 UTC,,,,1
118753,94478,Processing,F,2025-09-05 17:59:00.000000 UTC,,,,2
118753,94478,Processing,F,2025-09-05 17:59:00.000000 UTC,,,,2
122847,97717,Processing,F,2025-06-06 17:45:00.000000 UTC,,,,1
122847,97717,Processing,F,2025-06-06 17:45:00.000000 UTC,,,,1
122847,97717,Processing,F,2025-06-06 17:45:00.000000 UTC,,,,1
122847,97717,Processing,F,2025-06-06 17:45:00.000000 UTC,,,,1
122848,97717,Processing,F,2025-09-08 17:45:00.000000 UTC,,,,1
122848,97717,Processing,F,2025-09-08 17:45:00.000000 UTC,,,,1
122848,97717,Processing,F,2025-09-08 17:45:00.000000 UTC,,,,1
122848,97717,Processing,F,2025-09-08 17:45:00.000000 UTC,,,,1
122875,97736,Processing,F,2025-03-27 07:45:00.000000 UTC,,,,2
122875,97736,Processing,F,2025-03-27 07:45:00.000000 UTC,,,,2
124882,99307,Processing,F,2025-07-17 15:59:00.000000 UTC,,,,2
124882,99307,Processing,F,2025-07-17 15:59:00.000000 UTC,,,,2
124882,99307,Processing,F,2025-07-17 15:59:00.000000 UTC,,,,2
124883,99307,Processing,F,2025-06-14 15:59:00.000000 UTC,,,,3
124883,99307,Processing,F,2025-06-14 15:59:00.000000 UTC,,,,3
124883,99307,Processing,F,2025-06-14 15:59:00.000000 UTC,,,,3
125572,99872,Processing,F,2025-08-29 01:22:00.000000 UTC,,,,2
125572,99872,Processing,F,2025-08-29 01:22:00.000000 UTC,,,,2
125573,99872,Processing,F,2025-05-31 01:22:00.000000 UTC,,,,2
125573,99872,Processing,F,2025-05-31 01:22:00.000000 UTC,,,,2
1238,981,Returned,F,2025-06-27 02:47:00.000000 UTC,2025-07-03 13:06:00.000000 UTC,2025-06-27 11:08:00.000000 UTC,2025-07-01 01:40:00.000000 UTC,1
5945,4767,Returned,F,2025-02-01 06:50:00.000000 UTC,2025-02-04 23:28:00.000000 UTC,2025-02-01 14:37:00.000000 UTC,2025-02-03 23:45:00.000000 UTC,2
5945,4767,Returned,F,2025-02-01 06:50:00.000000 UTC,2025-02-04 23:28:00.000000 UTC,2025-02-01 14:37:00.000000 UTC,2025-02-03 23:45:00.000000 UTC,2
6043,4856,Returned,F,2025-02-22 08:16:00.000000 UTC,2025-03-01 15:56:00.000000 UTC,2025-02-24 07:07:00.000000 UTC,2025-02-28 02:16:00.000000 UTC,1
6043,4856,Returned,F,2025-02-22 08:16:00.000000 UTC,2025-03-01 15:56:00.000000 UTC,2025-02-24 07:07:00.000000 UTC,2025-02-28 02:16:00.000000 UTC,1
6685,5352,Returned,F,2024-12-03 04:02:00.000000 UTC,2024-12-09 05:07:00.000000 UTC,2024-12-03 09:52:00.000000 UTC,2024-12-06 21:36:00.000000 UTC,1
8632,6889,Returned,F,2025-01-07 11:52:00.000000 UTC,2025-01-16 00:08:00.000000 UTC,2025-01-10 08:14:00.000000 UTC,2025-01-13 14:48:00.000000 UTC,1
8632,6889,Returned,F,2025-01-07 11:52:00.000000 UTC,2025-01-16 00:08:00.000000 UTC,2025-01-10 08:14:00.000000 UTC,2025-01-13 14:48:00.000000 UTC,1
8632,6889,Returned,F,2025-01-07 11:52:00.000000 UTC,2025-01-16 00:08:00.000000 UTC,2025-01-10 08:14:00.000000 UTC,2025-01-13 14:48:00.000000 UTC,1
8632,6889,Returned,F,2025-01-07 11:52:00.000000 UTC,2025-01-16 00:08:00.000000 UTC,2025-01-10 08:14:00.000000 UTC,2025-01-13 14:48:00.000000 UTC,1
10887,8728,Returned,F,2025-03-16 08:33:00.000000 UTC,2025-03-24 15:10:00.000000 UTC,2025-03-19 02:10:00.000000 UTC,2025-03-23 20:06:00.000000 UTC,2
10887,8728,Returned,F,2025-03-16 08:33:00.000000 UTC,2025-03-24 15:10:00.000000 UTC,2025-03-19 02:10:00.000000 UTC,2025-03-23 20:06:00.000000 UTC,2
10887,8728,Returned,F,2025-03-16 08:33:00.000000 UTC,2025-03-24 15:10:00.000000 UTC,2025-03-19 02:10:00.000000 UTC,2025-03-23 20:06:00.000000 UTC,2
10888,8728,Returned,F,2025-11-01 08:33:00.000000 UTC,2025-11-08 01:08:00.000000 UTC,2025-11-01 23:20:00.000000 UTC,2025-11-05 02:39:00.000000 UTC,4
10888,8728,Returned,F,2025-11-01 08:33:00.000000 UTC,2025-11-08 01:08:00.000000 UTC,2025-11-01 23:20:00.000000 UTC,2025-11-05 02:39:00.000000 UTC,4
10888,8728,Returned,F,2025-11-01 08:33:00.000000 UTC,2025-11-08 01:08:00.000000 UTC,2025-11-01 23:20:00.000000 UTC,2025-11-05 02:39:00.000000 UTC,4
12192,9753,Returned,F,2025-06-06 02:00:00.000000 UTC,2025-06-10 11:05:00.000000 UTC,2025-06-07 02:17:00.000000 UTC,2025-06-09 05:00:00.000000 UTC,1
12192,9753,Returned,F,2025-06-06 02:00:00.000000 UTC,2025-06-10 11:05:00.000000 UTC,2025-06-07 02:17:00.000000 UTC,2025-06-09 05:00:00.000000 UTC,1
12192,9753,Returned,F,2025-06-06 02:00:00.000000 UTC,2025-06-10 11:05:00.000000 UTC,2025-06-07 02:17:00.000000 UTC,2025-06-09 05:00:00.000000 UTC,1
16393,13072,Returned,F,2025-09-20 13:34:00.000000 UTC,2025-09-26 04:44:00.000000 UTC,2025-09-20 23:37:00.000000 UTC,2025-09-25 12:51:00.000000 UTC,1
17309,13820,Returned,F,2025-11-07 01:11:00.000000 UTC,2025-11-11 13:07:00.000000 UTC,2025-11-08 06:54:00.000000 UTC,2025-11-10 12:07:00.000000 UTC,1
17309,13820,Returned,F,2025-11-07 01:11:00.000000 UTC,2025-11-11 13:07:00.000000 UTC,2025-11-08 06:54:00.000000 UTC,2025-11-10 12:07:00.000000 UTC,1
17309,13820,Returned,F,2025-11-07 01:11:00.000000 UTC,2025-11-11 13:07:00.000000 UTC,2025-11-08 06:54:00.000000 UTC,2025-11-10 12:07:00.000000 UTC,1
17309,13820,Returned,F,2025-11-07 01:11:00.000000 UTC,2025-11-11 13:07:00.000000 UTC,2025-11-08 06:54:00.000000 UTC,2025-11-10 12:07:00.000000 UTC,1
18832,15021,Returned,F,2025-01-11 02:36:00.000000 UTC,2025-01-13 05:35:00.000000 UTC,2025-01-12 11:35:00.000000 UTC,2025-01-12 18:05:00.000000 UTC,1
18832,15021,Returned,F,2025-01-11 02:36:00.000000 UTC,2025-01-13 05:35:00.000000 UTC,2025-01-12 11:35:00.000000 UTC,2025-01-12 18:05:00.000000 UTC,1
24274,19381,Returned,F,2025-10-25 11:09:00.000000 UTC,2025-10-29 20:23:00.000000 UTC,2025-10-26 02:12:00.000000 UTC,2025-10-27 22:56:00.000000 UTC,1
24274,19381,Returned,F,2025-10-25 11:09:00.000000 UTC,2025-10-29 20:23:00.000000 UTC,2025-10-26 02:12:00.000000 UTC,2025-10-27 22:56:00.000000 UTC,1
24274,19381,Returned,F,2025-10-25 11:09:00.000000 UTC,2025-10-29 20:23:00.000000 UTC,2025-10-26 02:12:00.000000 UTC,2025-10-27 22:56:00.000000 UTC,1
24274,19381,Returned,F,2025-10-25 11:09:00.000000 UTC,2025-10-29 20:23:00.000000 UTC,2025-10-26 02:12:00.000000 UTC,2025-10-27 22:56:00.000000 UTC,1
24670,19671,Returned,F,2025-10-26 16:02:00.000000 UTC,2025-10-30 18:47:00.000000 UTC,2025-10-28 06:09:00.000000 UTC,2025-10-30 04:44:00.000000 UTC,2
27801,22154,Returned,F,2025-10-02 14:32:00.000000 UTC,2025-10-07 20:55:00.000000 UTC,2025-10-04 15:26:00.000000 UTC,2025-10-06 05:36:00.000000 UTC,2
31101,24774,Returned,F,2025-05-31 05:52:00.000000 UTC,2025-06-04 21:36:00.000000 UTC,2025-06-01 04:37:00.000000 UTC,2025-06-04 05:24:00.000000 UTC,2
37184,29656,Returned,F,2025-06-14 06:00:00.000000 UTC,2025-06-24 04:05:00.000000 UTC,2025-06-16 20:42:00.000000 UTC,2025-06-21 04:27:00.000000 UTC,1
39717,31721,Returned,F,2025-07-04 16:47:00.000000 UTC,2025-07-09 15:33:00.000000 UTC,2025-07-05 19:51:00.000000 UTC,2025-07-08 06:09:00.000000 UTC,4
39717,31721,Returned,F,2025-07-04 16:47:00.000000 UTC,2025-07-09 15:33:00.000000 UTC,2025-07-05 19:51:00.000000 UTC,2025-07-08 06:09:00.000000 UTC,4
39788,31782,Returned,F,2025-09-08 12:04:00.000000 UTC,2025-09-14 19:03:00.000000 UTC,2025-09-09 16:54:00.000000 UTC,2025-09-14 04:51:00.000000 UTC,3
39788,31782,Returned,F,2025-09-08 12:04:00.000000 UTC,2025-09-14 19:03:00.000000 UTC,2025-09-09 16:54:00.000000 UTC,2025-09-14 04:51:00.000000 UTC,3
44314,35358,Returned,F,2025-01-06 16:59:00.000000 UTC,2025-01-13 07:41:00.000000 UTC,2025-01-06 20:35:00.000000 UTC,2025-01-11 04:29:00.000000 UTC,1
46974,37472,Returned,F,2025-09-29 12:10:00.000000 UTC,2025-10-02 21:41:00.000000 UTC,2025-09-29 15:14:00.000000 UTC,2025-10-02 17:21:00.000000 UTC,1
47473,37862,Returned,F,2025-02-02 00:25:00.000000 UTC,2025-02-10 05:54:00.000000 UTC,2025-02-04 22:35:00.000000 UTC,2025-02-09 13:03:00.000000 UTC,1
50590,40310,Returned,F,2024-12-04 16:57:00.000000 UTC,2024-12-09 00:25:00.000000 UTC,2024-12-06 19:41:00.000000 UTC,2024-12-08 00:44:00.000000 UTC,1
50590,40310,Returned,F,2024-12-04 16:57:00.000000 UTC,2024-12-09 00:25:00.000000 UTC,2024-12-06 19:41:00.000000 UTC,2024-12-08 00:44:00.000000 UTC,1
50590,40310,Returned,F,2024-12-04 16:57:00.000000 UTC,2024-12-09 00:25:00.000000 UTC,2024-12-06 19:41:00.000000 UTC,2024-12-08 00:44:00.000000 UTC,1
50590,40310,Returned,F,2024-12-04 16:57:00.000000 UTC,2024-12-09 00:25:00.000000 UTC,2024-12-06 19:41:00.000000 UTC,2024-12-08 00:44:00.000000 UTC,1
51292,40890,Returned,F,2025-11-13 16:30:00.000000 UTC,2025-11-20 11:19:00.000000 UTC,2025-11-14 15:53:00.000000 UTC,2025-11-19 06:34:00.000000 UTC,2
52151,41547,Returned,F,2025-05-23 01:49:00.000000 UTC,2025-06-01 03:51:00.000000 UTC,2025-05-25 03:04:00.000000 UTC,2025-05-29 06:45:00.000000 UTC,1
52262,41640,Returned,F,2025-02-01 15:48:00.000000 UTC,2025-02-05 03:20:00.000000 UTC,2025-02-03 14:41:00.000000 UTC,2025-02-03 15:23:00.000000 UTC,2
52262,41640,Returned,F,2025-02-01 15:48:00.000000 UTC,2025-02-05 03:20:00.000000 UTC,2025-02-03 14:41:00.000000 UTC,2025-02-03 15:23:00.000000 UTC,2
55337,44091,Returned,F,2025-11-19 17:49:00.000000 UTC,2025-11-25 06:13:00.000000 UTC,2025-11-21 11:35:00.000000 UTC,2025-11-23 11:22:00.000000 UTC,1
56927,45315,Returned,F,2025-04-30 09:48:00.000000 UTC,2025-05-03 19:10:00.000000 UTC,2025-05-01 20:14:00.000000 UTC,2025-05-02 04:26:00.000000 UTC,1
56927,45315,Returned,F,2025-04-30 09:48:00.000000 UTC,2025-05-03 19:10:00.000000 UTC,2025-05-01 20:14:00.000000 UTC,2025-05-02 04:26:00.000000 UTC,1
57535,45820,Returned,F,2025-01-25 14:27:00.000000 UTC,2025-01-30 08:21:00.000000 UTC,2025-01-27 08:27:00.000000 UTC,2025-01-28 00:14:00.000000 UTC,3
59827,47574,Returned,F,2024-10-09 17:42:00.000000 UTC,2024-10-14 22:46:00.000000 UTC,2024-10-11 17:31:00.000000 UTC,2024-10-13 14:41:00.000000 UTC,1
59827,47574,Returned,F,2024-10-09 17:42:00.000000 UTC,2024-10-14 22:46:00.000000 UTC,2024-10-11 17:31:00.000000 UTC,2024-10-13 14:41:00.000000 UTC,1
60766,48281,Returned,F,2025-06-02 01:27:00.000000 UTC,2025-06-09 11:05:00.000000 UTC,2025-06-04 12:58:00.000000 UTC,2025-06-09 01:07:00.000000 UTC,4
60766,48281,Returned,F,2025-06-02 01:27:00.000000 UTC,2025-06-09 11:05:00.000000 UTC,2025-06-04 12:58:00.000000 UTC,2025-06-09 01:07:00.000000 UTC,4
65060,51758,Returned,F,2025-07-19 02:43:00.000000 UTC,2025-07-23 13:36:00.000000 UTC,2025-07-20 08:04:00.000000 UTC,2025-07-21 13:16:00.000000 UTC,3
65060,51758,Returned,F,2025-07-19 02:43:00.000000 UTC,2025-07-23 13:36:00.000000 UTC,2025-07-20 08:04:00.000000 UTC,2025-07-21 13:16:00.000000 UTC,3
65060,51758,Returned,F,2025-07-19 02:43:00.000000 UTC,2025-07-23 13:36:00.000000 UTC,2025-07-20 08:04:00.000000 UTC,2025-07-21 13:16:00.000000 UTC,3
65060,51758,Returned,F,2025-07-19 02:43:00.000000 UTC,2025-07-23 13:36:00.000000 UTC,2025-07-20 08:04:00.000000 UTC,2025-07-21 13:16:00.000000 UTC,3
65062,51758,Returned,F,2025-02-14 02:43:00.000000 UTC,2025-02-19 11:27:00.000000 UTC,2025-02-16 08:14:00.000000 UTC,2025-02-17 08:27:00.000000 UTC,1
65062,51758,Returned,F,2025-02-14 02:43:00.000000 UTC,2025-02-19 11:27:00.000000 UTC,2025-02-16 08:14:00.000000 UTC,2025-02-17 08:27:00.000000 UTC,1
65062,51758,Returned,F,2025-02-14 02:43:00.000000 UTC,2025-02-19 11:27:00.000000 UTC,2025-02-16 08:14:00.000000 UTC,2025-02-17 08:27:00.000000 UTC,1
65062,51758,Returned,F,2025-02-14 02:43:00.000000 UTC,2025-02-19 11:27:00.000000 UTC,2025-02-16 08:14:00.000000 UTC,2025-02-17 08:27:00.000000 UTC,1
66575,52979,Returned,F,2025-01-09 18:37:00.000000 UTC,2025-01-14 13:14:00.000000 UTC,2025-01-11 16:45:00.000000 UTC,2025-01-12 18:11:00.000000 UTC,1
66575,52979,Returned,F,2025-01-09 18:37:00.000000 UTC,2025-01-14 13:14:00.000000 UTC,2025-01-11 16:45:00.000000 UTC,2025-01-12 18:11:00.000000 UTC,1
66575,52979,Returned,F,2025-01-09 18:37:00.000000 UTC,2025-01-14 13:14:00.000000 UTC,2025-01-11 16:45:00.000000 UTC,2025-01-12 18:11:00.000000 UTC,1
66575,52979,Returned,F,2025-01-09 18:37:00.000000 UTC,2025-01-14 13:14:00.000000 UTC,2025-01-11 16:45:00.000000 UTC,2025-01-12 18:11:00.000000 UTC,1
70157,55854,Returned,F,2025-09-29 01:00:00.000000 UTC,2025-10-07 19:44:00.000000 UTC,2025-09-30 11:01:00.000000 UTC,2025-10-04 20:31:00.000000 UTC,2
70157,55854,Returned,F,2025-09-29 01:00:00.000000 UTC,2025-10-07 19:44:00.000000 UTC,2025-09-30 11:01:00.000000 UTC,2025-10-04 20:31:00.000000 UTC,2
70157,55854,Returned,F,2025-09-29 01:00:00.000000 UTC,2025-10-07 19:44:00.000000 UTC,2025-09-30 11:01:00.000000 UTC,2025-10-04 20:31:00.000000 UTC,2
70157,55854,Returned,F,2025-09-29 01:00:00.000000 UTC,2025-10-07 19:44:00.000000 UTC,2025-09-30 11:01:00.000000 UTC,2025-10-04 20:31:00.000000 UTC,2
71011,56560,Returned,F,2025-04-14 01:28:00.000000 UTC,2025-04-21 12:46:00.000000 UTC,2025-04-15 21:34:00.000000 UTC,2025-04-19 14:42:00.000000 UTC,1
71171,56689,Returned,F,2025-07-30 06:41:00.000000 UTC,2025-08-05 08:12:00.000000 UTC,2025-07-30 16:34:00.000000 UTC,2025-08-04 09:27:00.000000 UTC,1
76215,60694,Returned,F,2025-09-22 14:27:00.000000 UTC,2025-09-30 14:58:00.000000 UTC,2025-09-23 13:18:00.000000 UTC,2025-09-28 02:36:00.000000 UTC,2
78332,62400,Returned,F,2025-04-28 02:47:00.000000 UTC,2025-05-05 06:34:00.000000 UTC,2025-04-28 17:13:00.000000 UTC,2025-05-03 16:08:00.000000 UTC,3
78332,62400,Returned,F,2025-04-28 02:47:00.000000 UTC,2025-05-05 06:34:00.000000 UTC,2025-04-28 17:13:00.000000 UTC,2025-05-03 16:08:00.000000 UTC,3
79042,62979,Returned,F,2025-09-02 12:05:00.000000 UTC,2025-09-09 19:39:00.000000 UTC,2025-09-03 01:30:00.000000 UTC,2025-09-07 01:00:00.000000 UTC,2
79042,62979,Returned,F,2025-09-02 12:05:00.000000 UTC,2025-09-09 19:39:00.000000 UTC,2025-09-03 01:30:00.000000 UTC,2025-09-07 01:00:00.000000 UTC,2
86589,68980,Returned,F,2025-10-23 11:30:00.000000 UTC,2025-10-29 07:19:00.000000 UTC,2025-10-26 01:55:00.000000 UTC,2025-10-27 09:18:00.000000 UTC,4
86589,68980,Returned,F,2025-10-23 11:30:00.000000 UTC,2025-10-29 07:19:00.000000 UTC,2025-10-26 01:55:00.000000 UTC,2025-10-27 09:18:00.000000 UTC,4
88387,70445,Returned,F,2025-03-30 00:20:00.000000 UTC,2025-04-05 07:57:00.000000 UTC,2025-04-01 01:41:00.000000 UTC,2025-04-03 22:14:00.000000 UTC,1
88387,70445,Returned,F,2025-03-30 00:20:00.000000 UTC,2025-04-05 07:57:00.000000 UTC,2025-04-01 01:41:00.000000 UTC,2025-04-03 22:14:00.000000 UTC,1
88387,70445,Returned,F,2025-03-30 00:20:00.000000 UTC,2025-04-05 07:57:00.000000 UTC,2025-04-01 01:41:00.000000 UTC,2025-04-03 22:14:00.000000 UTC,1
88387,70445,Returned,F,2025-03-30 00:20:00.000000 UTC,2025-04-05 07:57:00.000000 UTC,2025-04-01 01:41:00.000000 UTC,2025-04-03 22:14:00.000000 UTC,1
92348,73570,Returned,F,2025-05-09 01:48:00.000000 UTC,2025-05-14 03:14:00.000000 UTC,2025-05-09 14:01:00.000000 UTC,2025-05-13 07:35:00.000000 UTC,2
92348,73570,Returned,F,2025-05-09 01:48:00.000000 UTC,2025-05-14 03:14:00.000000 UTC,2025-05-09 14:01:00.000000 UTC,2025-05-13 07:35:00.000000 UTC,2
92348,73570,Returned,F,2025-05-09 01:48:00.000000 UTC,2025-05-14 03:14:00.000000 UTC,2025-05-09 14:01:00.000000 UTC,2025-05-13 07:35:00.000000 UTC,2
92348,73570,Returned,F,2025-05-09 01:48:00.000000 UTC,2025-05-14 03:14:00.000000 UTC,2025-05-09 14:01:00.000000 UTC,2025-05-13 07:35:00.000000 UTC,2
94737,75477,Returned,F,2025-07-27 10:13:00.000000 UTC,2025-07-30 18:19:00.000000 UTC,2025-07-28 14:04:00.000000 UTC,2025-07-29 04:12:00.000000 UTC,1
97572,77677,Returned,F,2025-04-13 13:09:00.000000 UTC,2025-04-21 12:16:00.000000 UTC,2025-04-16 03:19:00.000000 UTC,2025-04-19 02:34:00.000000 UTC,1
97572,77677,Returned,F,2025-04-13 13:09:00.000000 UTC,2025-04-21 12:16:00.000000 UTC,2025-04-16 03:19:00.000000 UTC,2025-04-19 02:34:00.000000 UTC,1
100026,79616,Returned,F,2025-03-16 01:14:00.000000 UTC,2025-03-21 04:06:00.000000 UTC,2025-03-16 09:53:00.000000 UTC,2025-03-18 19:50:00.000000 UTC,1
100026,79616,Returned,F,2025-03-16 01:14:00.000000 UTC,2025-03-21 04:06:00.000000 UTC,2025-03-16 09:53:00.000000 UTC,2025-03-18 19:50:00.000000 UTC,1
100026,79616,Returned,F,2025-03-16 01:14:00.000000 UTC,2025-03-21 04:06:00.000000 UTC,2025-03-16 09:53:00.000000 UTC,2025-03-18 19:50:00.000000 UTC,1
101156,80492,Returned,F,2024-07-21 18:09:00.000000 UTC,2024-07-24 23:57:00.000000 UTC,2024-07-23 21:59:00.000000 UTC,2024-07-24 07:44:00.000000 UTC,1
101397,80690,Returned,F,2025-06-30 03:37:00.000000 UTC,2025-07-05 07:28:00.000000 UTC,2025-07-02 19:28:00.000000 UTC,2025-07-04 15:35:00.000000 UTC,1
108099,86012,Returned,F,2025-10-13 03:35:00.000000 UTC,2025-10-20 14:52:00.000000 UTC,2025-10-15 02:15:00.000000 UTC,2025-10-17 15:58:00.000000 UTC,1
108099,86012,Returned,F,2025-10-13 03:35:00.000000 UTC,2025-10-20 14:52:00.000000 UTC,2025-10-15 02:15:00.000000 UTC,2025-10-17 15:58:00.000000 UTC,1
108099,86012,Returned,F,2025-10-13 03:35:00.000000 UTC,2025-10-20 14:52:00.000000 UTC,2025-10-15 02:15:00.000000 UTC,2025-10-17 15:58:00.000000 UTC,1
108225,86121,Returned,F,2025-07-19 08:58:00.000000 UTC,2025-07-21 11:42:00.000000 UTC,2025-07-21 05:30:00.000000 UTC,2025-07-21 09:25:00.000000 UTC,1
108225,86121,Returned,F,2025-07-19 08:58:00.000000 UTC,2025-07-21 11:42:00.000000 UTC,2025-07-21 05:30:00.000000 UTC,2025-07-21 09:25:00.000000 UTC,1
112304,89290,Returned,F,2025-04-21 08:12:00.000000 UTC,2025-04-27 22:07:00.000000 UTC,2025-04-24 04:49:00.000000 UTC,2025-04-25 20:09:00.000000 UTC,3
112304,89290,Returned,F,2025-04-21 08:12:00.000000 UTC,2025-04-27 22:07:00.000000 UTC,2025-04-24 04:49:00.000000 UTC,2025-04-25 20:09:00.000000 UTC,3
112381,89346,Returned,F,2025-05-20 00:25:00.000000 UTC,2025-05-22 16:49:00.000000 UTC,2025-05-20 20:44:00.000000 UTC,2025-05-21 09:08:00.000000 UTC,1
112381,89346,Returned,F,2025-05-20 00:25:00.000000 UTC,2025-05-22 16:49:00.000000 UTC,2025-05-20 20:44:00.000000 UTC,2025-05-21 09:08:00.000000 UTC,1
112382,89346,Returned,F,2025-10-20 00:25:00.000000 UTC,2025-10-24 04:39:00.000000 UTC,2025-10-21 05:41:00.000000 UTC,2025-10-22 04:12:00.000000 UTC,1
112382,89346,Returned,F,2025-10-20 00:25:00.000000 UTC,2025-10-24 04:39:00.000000 UTC,2025-10-21 05:41:00.000000 UTC,2025-10-22 04:12:00.000000 UTC,1
120078,95545,Returned,F,2025-10-15 13:01:00.000000 UTC,2025-10-20 06:52:00.000000 UTC,2025-10-17 02:39:00.000000 UTC,2025-10-18 15:39:00.000000 UTC,2
120366,95794,Returned,F,2025-05-30 08:37:00.000000 UTC,2025-06-04 18:56:00.000000 UTC,2025-06-02 01:23:00.000000 UTC,2025-06-04 01:22:00.000000 UTC,1
120366,95794,Returned,F,2025-05-30 08:37:00.000000 UTC,2025-06-04 18:56:00.000000 UTC,2025-06-02 01:23:00.000000 UTC,2025-06-04 01:22:00.000000 UTC,1
120473,95869,Returned,F,2025-07-20 04:14:00.000000 UTC,2025-07-27 17:51:00.000000 UTC,2025-07-21 05:14:00.000000 UTC,2025-07-25 19:21:00.000000 UTC,3
120473,95869,Returned,F,2025-07-20 04:14:00.000000 UTC,2025-07-27 17:51:00.000000 UTC,2025-07-21 05:14:00.000000 UTC,2025-07-25 19:21:00.000000 UTC,3
124884,99307,Returned,F,2025-11-09 15:59:00.000000 UTC,2025-11-13 12:15:00.000000 UTC,2025-11-11 10:43:00.000000 UTC,2025-11-12 20:32:00.000000 UTC,1
124884,99307,Returned,F,2025-11-09 15:59:00.000000 UTC,2025-11-13 12:15:00.000000 UTC,2025-11-11 10:43:00.000000 UTC,2025-11-12 20:32:00.000000 UTC,1
124884,99307,Returned,F,2025-11-09 15:59:00.000000 UTC,2025-11-13 12:15:00.000000 UTC,2025-11-11 10:43:00.000000 UTC,2025-11-12 20:32:00.000000 UTC,1
1919,1523,Shipped,F,2025-09-25 12:45:00.000000 UTC,,2025-09-25 23:58:00.000000 UTC,,1
5946,4767,Shipped,F,2025-01-03 06:50:00.000000 UTC,,2025-01-03 16:19:00.000000 UTC,,1
5946,4767,Shipped,F,2025-01-03 06:50:00.000000 UTC,,2025-01-03 16:19:00.000000 UTC,,1
7020,5621,Shipped,F,2025-09-10 15:59:00.000000 UTC,,2025-09-13 11:59:00.000000 UTC,,1
7915,6335,Shipped,F,2024-12-31 13:47:00.000000 UTC,,2025-01-01 05:53:00.000000 UTC,,1
7915,6335,Shipped,F,2024-12-31 13:47:00.000000 UTC,,2025-01-01 05:53:00.000000 UTC,,1
8569,6838,Shipped,F,2024-10-06 08:08:00.000000 UTC,,2024-10-08 21:25:00.000000 UTC,,4
8707,6948,Shipped,F,2025-08-12 03:00:00.000000 UTC,,2025-08-14 04:28:00.000000 UTC,,1
8707,6948,Shipped,F,2025-08-12 03:00:00.000000 UTC,,2025-08-14 04:28:00.000000 UTC,,1
8977,7163,Shipped,F,2024-10-12 10:37:00.000000 UTC,,2024-10-13 21:04:00.000000 UTC,,2
10309,8212,Shipped,F,2025-02-17 00:19:00.000000 UTC,,2025-02-19 17:08:00.000000 UTC,,1
10309,8212,Shipped,F,2025-02-17 00:19:00.000000 UTC,,2025-02-19 17:08:00.000000 UTC,,1
10762,8616,Shipped,F,2025-05-05 12:02:00.000000 UTC,,2025-05-05 20:50:00.000000 UTC,,1
12191,9753,Shipped,F,2025-02-14 02:00:00.000000 UTC,,2025-02-16 19:50:00.000000 UTC,,2
12191,9753,Shipped,F,2025-02-14 02:00:00.000000 UTC,,2025-02-16 19:50:00.000000 UTC,,2
12191,9753,Shipped,F,2025-02-14 02:00:00.000000 UTC,,2025-02-16 19:50:00.000000 UTC,,2
12193,9753,Shipped,F,2025-08-11 02:00:00.000000 UTC,,2025-08-12 14:21:00.000000 UTC,,2
12193,9753,Shipped,F,2025-08-11 02:00:00.000000 UTC,,2025-08-12 14:21:00.000000 UTC,,2
12193,9753,Shipped,F,2025-08-11 02:00:00.000000 UTC,,2025-08-12 14:21:00.000000 UTC,,2
12623,10100,Shipped,F,2025-06-03 02:30:00.000000 UTC,,2025-06-04 09:18:00.000000 UTC,,1
15688,12493,Shipped,F,2025-05-22 16:13:00.000000 UTC,,2025-05-22 18:52:00.000000 UTC,,1
16430,13095,Shipped,F,2025-07-02 11:59:00.000000 UTC,,2025-07-05 09:10:00.000000 UTC,,1
16430,13095,Shipped,F,2025-07-02 11:59:00.000000 UTC,,2025-07-05 09:10:00.000000 UTC,,1
16430,13095,Shipped,F,2025-07-02 11:59:00.000000 UTC,,2025-07-05 09:10:00.000000 UTC,,1
16430,13095,Shipped,F,2025-07-02 11:59:00.000000 UTC,,2025-07-05 09:10:00.000000 UTC,,1
17311,13820,Shipped,F,2025-05-02 01:11:00.000000 UTC,,2025-05-03 07:13:00.000000 UTC,,1
17311,13820,Shipped,F,2025-05-02 01:11:00.000000 UTC,,2025-05-03 07:13:00.000000 UTC,,1
17311,13820,Shipped,F,2025-05-02 01:11:00.000000 UTC,,2025-05-03 07:13:00.000000 UTC,,1
17311,13820,Shipped,F,2025-05-02 01:11:00.000000 UTC,,2025-05-03 07:13:00.000000 UTC,,1
17480,13949,Shipped,F,2025-08-03 15:54:00.000000 UTC,,2025-08-04 13:11:00.000000 UTC,,1
17480,13949,Shipped,F,2025-08-03 15:54:00.000000 UTC,,2025-08-04 13:11:00.000000 UTC,,1
17832,14233,Shipped,F,2025-05-23 06:35:00.000000 UTC,,2025-05-24 14:31:00.000000 UTC,,1
17832,14233,Shipped,F,2025-05-23 06:35:00.000000 UTC,,2025-05-24 14:31:00.000000 UTC,,1
19506,15543,Shipped,F,2025-06-08 00:54:00.000000 UTC,,2025-06-09 15:09:00.000000 UTC,,2
19506,15543,Shipped,F,2025-06-08 00:54:00.000000 UTC,,2025-06-09 15:09:00.000000 UTC,,2
19506,15543,Shipped,F,2025-06-08 00:54:00.000000 UTC,,2025-06-09 15:09:00.000000 UTC,,2
19507,15543,Shipped,F,2025-04-13 00:54:00.000000 UTC,,2025-04-15 07:33:00.000000 UTC,,1
19507,15543,Shipped,F,2025-04-13 00:54:00.000000 UTC,,2025-04-15 07:33:00.000000 UTC,,1
19507,15543,Shipped,F,2025-04-13 00:54:00.000000 UTC,,2025-04-15 07:33:00.000000 UTC,,1
19835,15828,Shipped,F,2025-05-25 01:45:00.000000 UTC,,2025-05-25 02:10:00.000000 UTC,,4
20460,16334,Shipped,F,2025-05-26 03:00:00.000000 UTC,,2025-05-28 06:44:00.000000 UTC,,1
20460,16334,Shipped,F,2025-05-26 03:00:00.000000 UTC,,2025-05-28 06:44:00.000000 UTC,,1
20932,16710,Shipped,F,2025-07-07 02:29:00.000000 UTC,,2025-07-07 12:35:00.000000 UTC,,1
21663,17287,Shipped,F,2025-03-08 18:59:00.000000 UTC,,2025-03-09 22:47:00.000000 UTC,,2
21663,17287,Shipped,F,2025-03-08 18:59:00.000000 UTC,,2025-03-09 22:47:00.000000 UTC,,2
21663,17287,Shipped,F,2025-03-08 18:59:00.000000 UTC,,2025-03-09 22:47:00.000000 UTC,,2
21663,17287,Shipped,F,2025-03-08 18:59:00.000000 UTC,,2025-03-09 22:47:00.000000 UTC,,2
21664,17287,Shipped,F,2024-09-07 18:59:00.000000 UTC,,2024-09-09 22:29:00.000000 UTC,,1
21664,17287,Shipped,F,2024-09-07 18:59:00.000000 UTC,,2024-09-09 22:29:00.000000 UTC,,1
21664,17287,Shipped,F,2024-09-07 18:59:00.000000 UTC,,2024-09-09 22:29:00.000000 UTC,,1
21664,17287,Shipped,F,2024-09-07 18:59:00.000000 UTC,,2024-09-09 22:29:00.000000 UTC,,1
21665,17287,Shipped,F,2025-05-05 18:59:00.000000 UTC,,2025-05-05 19:23:00.000000 UTC,,3
21665,17287,Shipped,F,2025-05-05 18:59:00.000000 UTC,,2025-05-05 19:23:00.000000 UTC,,3
21665,17287,Shipped,F,2025-05-05 18:59:00.000000 UTC,,2025-05-05 19:23:00.000000 UTC,,3
21665,17287,Shipped,F,2025-05-05 18:59:00.000000 UTC,,2025-05-05 19:23:00.000000 UTC,,3
21881,17448,Shipped,F,2025-05-15 12:24:00.000000 UTC,,2025-05-17 11:14:00.000000 UTC,,1
22069,17598,Shipped,F,2025-07-29 11:15:00.000000 UTC,,2025-07-30 08:52:00.000000 UTC,,1
23107,18434,Shipped,F,2025-09-28 00:34:00.000000 UTC,,2025-09-30 15:53:00.000000 UTC,,1
23224,18534,Shipped,F,2025-11-20 08:33:00.000000 UTC,,2025-11-22 10:17:00.000000 UTC,,1
23224,18534,Shipped,F,2025-11-20 08:33:00.000000 UTC,,2025-11-22 10:17:00.000000 UTC,,1
23225,18534,Shipped,F,2025-03-22 08:33:00.000000 UTC,,2025-03-25 02:28:00.000000 UTC,,1
23225,18534,Shipped,F,2025-03-22 08:33:00.000000 UTC,,2025-03-25 02:28:00.000000 UTC,,1
24271,19381,Shipped,F,2024-08-09 11:09:00.000000 UTC,,2024-08-10 00:41:00.000000 UTC,,1
24271,19381,Shipped,F,2024-08-09 11:09:00.000000 UTC,,2024-08-10 00:41:00.000000 UTC,,1
24271,19381,Shipped,F,2024-08-09 11:09:00.000000 UTC,,2024-08-10 00:41:00.000000 UTC,,1
24271,19381,Shipped,F,2024-08-09 11:09:00.000000 UTC,,2024-08-10 00:41:00.000000 UTC,,1
27682,22064,Shipped,F,2025-05-30 08:12:00.000000 UTC,,2025-06-02 03:18:00.000000 UTC,,1
28913,23041,Shipped,F,2025-10-01 09:31:00.000000 UTC,,2025-10-02 05:54:00.000000 UTC,,1
30596,24376,Shipped,F,2025-07-13 01:14:00.000000 UTC,,2025-07-16 00:29:00.000000 UTC,,1
30596,24376,Shipped,F,2025-07-13 01:14:00.000000 UTC,,2025-07-16 00:29:00.000000 UTC,,1
30678,24436,Shipped,F,2025-08-29 02:51:00.000000 UTC,,2025-08-31 13:12:00.000000 UTC,,1
30678,24436,Shipped,F,2025-08-29 02:51:00.000000 UTC,,2025-08-31 13:12:00.000000 UTC,,1
30678,24436,Shipped,F,2025-08-29 02:51:00.000000 UTC,,2025-08-31 13:12:00.000000 UTC,,1
30679,24436,Shipped,F,2025-04-29 02:51:00.000000 UTC,,2025-04-29 17:50:00.000000 UTC,,1
30679,24436,Shipped,F,2025-04-29 02:51:00.000000 UTC,,2025-04-29 17:50:00.000000 UTC,,1
30679,24436,Shipped,F,2025-04-29 02:51:00.000000 UTC,,2025-04-29 17:50:00.000000 UTC,,1
31420,25027,Shipped,F,2024-09-09 01:40:00.000000 UTC,,2024-09-11 16:07:00.000000 UTC,,1
31420,25027,Shipped,F,2024-09-09 01:40:00.000000 UTC,,2024-09-11 16:07:00.000000 UTC,,1
31529,25117,Shipped,F,2025-10-21 03:30:00.000000 UTC,,2025-10-23 09:34:00.000000 UTC,,1
31529,25117,Shipped,F,2025-10-21 03:30:00.000000 UTC,,2025-10-23 09:34:00.000000 UTC,,1
32691,26033,Shipped,F,2025-09-16 01:54:00.000000 UTC,,2025-09-16 15:57:00.000000 UTC,,1
32691,26033,Shipped,F,2025-09-16 01:54:00.000000 UTC,,2025-09-16 15:57:00.000000 UTC,,1
32692,26033,Shipped,F,2025-01-25 01:54:00.000000 UTC,,2025-01-27 02:01:00.000000 UTC,,1
32692,26033,Shipped,F,2025-01-25 01:54:00.000000 UTC,,2025-01-27 02:01:00.000000 UTC,,1
33168,26427,Shipped,F,2025-08-26 18:29:00.000000 UTC,,2025-08-27 16:53:00.000000 UTC,,1
34921,27834,Shipped,F,2025-05-26 02:08:00.000000 UTC,,2025-05-28 05:30:00.000000 UTC,,1
35644,28386,Shipped,F,2025-11-05 07:01:00.000000 UTC,,2025-11-07 04:51:00.000000 UTC,,1
35644,28386,Shipped,F,2025-11-05 07:01:00.000000 UTC,,2025-11-07 04:51:00.000000 UTC,,1
36638,29210,Shipped,F,2024-10-16 18:43:00.000000 UTC,,2024-10-18 19:13:00.000000 UTC,,1
36638,29210,Shipped,F,2024-10-16 18:43:00.000000 UTC,,2024-10-18 19:13:00.000000 UTC,,1
37185,29657,Shipped,F,2025-10-19 08:27:00.000000 UTC,,2025-10-21 03:54:00.000000 UTC,,2
37463,29886,Shipped,F,2025-07-28 10:07:00.000000 UTC,,2025-07-28 11:53:00.000000 UTC,,1
37463,29886,Shipped,F,2025-07-28 10:07:00.000000 UTC,,2025-07-28 11:53:00.000000 UTC,,1
38772,30940,Shipped,F,2024-11-24 15:11:00.000000 UTC,,2024-11-27 06:19:00.000000 UTC,,2
38772,30940,Shipped,F,2024-11-24 15:11:00.000000 UTC,,2024-11-27 06:19:00.000000 UTC,,2
38925,31070,Shipped,F,2025-08-23 13:58:00.000000 UTC,,2025-08-26 04:06:00.000000 UTC,,2
38925,31070,Shipped,F,2025-08-23 13:58:00.000000 UTC,,2025-08-26 04:06:00.000000 UTC,,2
38925,31070,Shipped,F,2025-08-23 13:58:00.000000 UTC,,2025-08-26 04:06:00.000000 UTC,,2
38927,31070,Shipped,F,2025-10-16 13:58:00.000000 UTC,,2025-10-17 04:49:00.000000 UTC,,1
38927,31070,Shipped,F,2025-10-16 13:58:00.000000 UTC,,2025-10-17 04:49:00.000000 UTC,,1
38927,31070,Shipped,F,2025-10-16 13:58:00.000000 UTC,,2025-10-17 04:49:00.000000 UTC,,1
39153,31249,Shipped,F,2025-10-25 06:53:00.000000 UTC,,2025-10-25 21:04:00.000000 UTC,,2
39153,31249,Shipped,F,2025-10-25 06:53:00.000000 UTC,,2025-10-25 21:04:00.000000 UTC,,2
39357,31422,Shipped,F,2025-08-27 05:47:00.000000 UTC,,2025-08-29 23:32:00.000000 UTC,,4
39898,31881,Shipped,F,2025-05-30 18:54:00.000000 UTC,,2025-06-01 23:30:00.000000 UTC,,3
39898,31881,Shipped,F,2025-05-30 18:54:00.000000 UTC,,2025-06-01 23:30:00.000000 UTC,,3
39898,31881,Shipped,F,2025-05-30 18:54:00.000000 UTC,,2025-06-01 23:30:00.000000 UTC,,3
39898,31881,Shipped,F,2025-05-30 18:54:00.000000 UTC,,2025-06-01 23:30:00.000000 UTC,,3
39901,31881,Shipped,F,2025-09-20 18:54:00.000000 UTC,,2025-09-21 17:41:00.000000 UTC,,1
39901,31881,Shipped,F,2025-09-20 18:54:00.000000 UTC,,2025-09-21 17:41:00.000000 UTC,,1
39901,31881,Shipped,F,2025-09-20 18:54:00.000000 UTC,,2025-09-21 17:41:00.000000 UTC,,1
39901,31881,Shipped,F,2025-09-20 18:54:00.000000 UTC,,2025-09-21 17:41:00.000000 UTC,,1
40484,32350,Shipped,F,2025-03-26 02:16:00.000000 UTC,,2025-03-27 09:20:00.000000 UTC,,2
40484,32350,Shipped,F,2025-03-26 02:16:00.000000 UTC,,2025-03-27 09:20:00.000000 UTC,,2
40484,32350,Shipped,F,2025-03-26 02:16:00.000000 UTC,,2025-03-27 09:20:00.000000 UTC,,2
40484,32350,Shipped,F,2025-03-26 02:16:00.000000 UTC,,2025-03-27 09:20:00.000000 UTC,,2
42468,33915,Shipped,F,2025-10-23 11:42:00.000000 UTC,,2025-10-23 14:39:00.000000 UTC,,1
43182,34456,Shipped,F,2025-10-19 02:45:00.000000 UTC,,2025-10-21 13:05:00.000000 UTC,,1
43182,34456,Shipped,F,2025-10-19 02:45:00.000000 UTC,,2025-10-21 13:05:00.000000 UTC,,1
43182,34456,Shipped,F,2025-10-19 02:45:00.000000 UTC,,2025-10-21 13:05:00.000000 UTC,,1
43183,34456,Shipped,F,2025-06-04 02:45:00.000000 UTC,,2025-06-04 15:55:00.000000 UTC,,1
43183,34456,Shipped,F,2025-06-04 02:45:00.000000 UTC,,2025-06-04 15:55:00.000000 UTC,,1
43183,34456,Shipped,F,2025-06-04 02:45:00.000000 UTC,,2025-06-04 15:55:00.000000 UTC,,1
46633,37225,Shipped,F,2025-10-17 03:14:00.000000 UTC,,2025-10-19 09:05:00.000000 UTC,,2
46633,37225,Shipped,F,2025-10-17 03:14:00.000000 UTC,,2025-10-19 09:05:00.000000 UTC,,2
46633,37225,Shipped,F,2025-10-17 03:14:00.000000 UTC,,2025-10-19 09:05:00.000000 UTC,,2
46633,37225,Shipped,F,2025-10-17 03:14:00.000000 UTC,,2025-10-19 09:05:00.000000 UTC,,2
46635,37225,Shipped,F,2024-11-13 03:14:00.000000 UTC,,2024-11-15 18:00:00.000000 UTC,,4
46635,37225,Shipped,F,2024-11-13 03:14:00.000000 UTC,,2024-11-15 18:00:00.000000 UTC,,4
46635,37225,Shipped,F,2024-11-13 03:14:00.000000 UTC,,2024-11-15 18:00:00.000000 UTC,,4
46635,37225,Shipped,F,2024-11-13 03:14:00.000000 UTC,,2024-11-15 18:00:00.000000 UTC,,4
47069,37534,Shipped,F,2025-09-07 11:24:00.000000 UTC,,2025-09-10 07:51:00.000000 UTC,,1
50587,40310,Shipped,F,2024-10-27 16:57:00.000000 UTC,,2024-10-27 22:09:00.000000 UTC,,2
50587,40310,Shipped,F,2024-10-27 16:57:00.000000 UTC,,2024-10-27 22:09:00.000000 UTC,,2
50587,40310,Shipped,F,2024-10-27 16:57:00.000000 UTC,,2024-10-27 22:09:00.000000 UTC,,2
50587,40310,Shipped,F,2024-10-27 16:57:00.000000 UTC,,2024-10-27 22:09:00.000000 UTC,,2
50588,40310,Shipped,F,2025-05-11 16:57:00.000000 UTC,,2025-05-13 04:55:00.000000 UTC,,3
50588,40310,Shipped,F,2025-05-11 16:57:00.000000 UTC,,2025-05-13 04:55:00.000000 UTC,,3
50588,40310,Shipped,F,2025-05-11 16:57:00.000000 UTC,,2025-05-13 04:55:00.000000 UTC,,3
50588,40310,Shipped,F,2025-05-11 16:57:00.000000 UTC,,2025-05-13 04:55:00.000000 UTC,,3
52001,41410,Shipped,F,2025-04-03 12:16:00.000000 UTC,,2025-04-06 02:40:00.000000 UTC,,1
52962,42196,Shipped,F,2024-09-21 01:19:00.000000 UTC,,2024-09-21 03:57:00.000000 UTC,,1
53478,42601,Shipped,F,2025-09-10 13:52:00.000000 UTC,,2025-09-13 10:00:00.000000 UTC,,1
53478,42601,Shipped,F,2025-09-10 13:52:00.000000 UTC,,2025-09-13 10:00:00.000000 UTC,,1
53724,42803,Shipped,F,2025-08-17 13:10:00.000000 UTC,,2025-08-19 21:50:00.000000 UTC,,1
53724,42803,Shipped,F,2025-08-17 13:10:00.000000 UTC,,2025-08-19 21:50:00.000000 UTC,,1
53725,42803,Shipped,F,2025-05-03 13:10:00.000000 UTC,,2025-05-04 21:33:00.000000 UTC,,1
53725,42803,Shipped,F,2025-05-03 13:10:00.000000 UTC,,2025-05-04 21:33:00.000000 UTC,,1
54260,43218,Shipped,F,2024-09-13 02:33:00.000000 UTC,,2024-09-14 16:55:00.000000 UTC,,3
54260,43218,Shipped,F,2024-09-13 02:33:00.000000 UTC,,2024-09-14 16:55:00.000000 UTC,,3
54260,43218,Shipped,F,2024-09-13 02:33:00.000000 UTC,,2024-09-14 16:55:00.000000 UTC,,3
54487,43406,Shipped,F,2025-11-14 04:30:00.000000 UTC,,2025-11-16 22:16:00.000000 UTC,,1
55112,43914,Shipped,F,2025-05-24 10:33:00.000000 UTC,,2025-05-25 04:09:00.000000 UTC,,1
56928,45315,Shipped,F,2025-05-16 09:48:00.000000 UTC,,2025-05-16 22:31:00.000000 UTC,,1
56928,45315,Shipped,F,2025-05-16 09:48:00.000000 UTC,,2025-05-16 22:31:00.000000 UTC,,1
58257,46401,Shipped,F,2024-09-01 14:02:00.000000 UTC,,2024-09-02 05:40:00.000000 UTC,,1
58646,46686,Shipped,F,2024-06-28 09:26:00.000000 UTC,,2024-06-30 14:29:00.000000 UTC,,1
58646,46686,Shipped,F,2024-06-28 09:26:00.000000 UTC,,2024-06-30 14:29:00.000000 UTC,,1
58837,46841,Shipped,F,2025-02-01 06:34:00.000000 UTC,,2025-02-02 11:14:00.000000 UTC,,1
58837,46841,Shipped,F,2025-02-01 06:34:00.000000 UTC,,2025-02-02 11:14:00.000000 UTC,,1
58838,46841,Shipped,F,2025-08-21 06:34:00.000000 UTC,,2025-08-23 02:44:00.000000 UTC,,1
58838,46841,Shipped,F,2025-08-21 06:34:00.000000 UTC,,2025-08-23 02:44:00.000000 UTC,,1
60676,48223,Shipped,F,2024-12-09 09:15:00.000000 UTC,,2024-12-10 14:20:00.000000 UTC,,1
60676,48223,Shipped,F,2024-12-09 09:15:00.000000 UTC,,2024-12-10 14:20:00.000000 UTC,,1
60767,48281,Shipped,F,2024-12-21 01:27:00.000000 UTC,,2024-12-23 06:35:00.000000 UTC,,1
60767,48281,Shipped,F,2024-12-21 01:27:00.000000 UTC,,2024-12-23 06:35:00.000000 UTC,,1
63929,50852,Shipped,F,2025-03-29 01:32:00.000000 UTC,,2025-03-30 17:51:00.000000 UTC,,1
63929,50852,Shipped,F,2025-03-29 01:32:00.000000 UTC,,2025-03-30 17:51:00.000000 UTC,,1
63929,50852,Shipped,F,2025-03-29 01:32:00.000000 UTC,,2025-03-30 17:51:00.000000 UTC,,1
63931,50852,Shipped,F,2025-07-04 01:32:00.000000 UTC,,2025-07-06 23:29:00.000000 UTC,,3
63931,50852,Shipped,F,2025-07-04 01:32:00.000000 UTC,,2025-07-06 23:29:00.000000 UTC,,3
63931,50852,Shipped,F,2025-07-04 01:32:00.000000 UTC,,2025-07-06 23:29:00.000000 UTC,,3
64718,51472,Shipped,F,2025-10-01 02:19:00.000000 UTC,,2025-10-01 12:50:00.000000 UTC,,1
64866,51596,Shipped,F,2025-08-11 05:11:00.000000 UTC,,2025-08-12 16:13:00.000000 UTC,,1
65617,52199,Shipped,F,2025-04-18 03:42:00.000000 UTC,,2025-04-18 12:23:00.000000 UTC,,2
65617,52199,Shipped,F,2025-04-18 03:42:00.000000 UTC,,2025-04-18 12:23:00.000000 UTC,,2
66578,52979,Shipped,F,2024-12-07 18:37:00.000000 UTC,,2024-12-09 12:35:00.000000 UTC,,1
66578,52979,Shipped,F,2024-12-07 18:37:00.000000 UTC,,2024-12-09 12:35:00.000000 UTC,,1
66578,52979,Shipped,F,2024-12-07 18:37:00.000000 UTC,,2024-12-09 12:35:00.000000 UTC,,1
66578,52979,Shipped,F,2024-12-07 18:37:00.000000 UTC,,2024-12-09 12:35:00.000000 UTC,,1
66614,53009,Shipped,F,2025-08-26 01:45:00.000000 UTC,,2025-08-26 16:14:00.000000 UTC,,1
66614,53009,Shipped,F,2025-08-26 01:45:00.000000 UTC,,2025-08-26 16:14:00.000000 UTC,,1
66973,53274,Shipped,F,2025-02-19 16:05:00.000000 UTC,,2025-02-22 11:23:00.000000 UTC,,1
66973,53274,Shipped,F,2025-02-19 16:05:00.000000 UTC,,2025-02-22 11:23:00.000000 UTC,,1
68113,54194,Shipped,F,2025-02-23 11:11:00.000000 UTC,,2025-02-23 15:20:00.000000 UTC,,2
68113,54194,Shipped,F,2025-02-23 11:11:00.000000 UTC,,2025-02-23 15:20:00.000000 UTC,,2
68887,54807,Shipped,F,2025-11-13 07:03:00.000000 UTC,,2025-11-14 22:57:00.000000 UTC,,2
70159,55854,Shipped,F,2025-09-26 01:00:00.000000 UTC,,2025-09-27 07:54:00.000000 UTC,,4
70159,55854,Shipped,F,2025-09-26 01:00:00.000000 UTC,,2025-09-27 07:54:00.000000 UTC,,4
70159,55854,Shipped,F,2025-09-26 01:00:00.000000 UTC,,2025-09-27 07:54:00.000000 UTC,,4
70159,55854,Shipped,F,2025-09-26 01:00:00.000000 UTC,,2025-09-27 07:54:00.000000 UTC,,4
72394,57664,Shipped,F,2025-07-23 13:50:00.000000 UTC,,2025-07-23 20:18:00.000000 UTC,,1
72569,57803,Shipped,F,2025-04-17 06:56:00.000000 UTC,,2025-04-19 20:37:00.000000 UTC,,1
76007,60541,Shipped,F,2025-05-17 08:16:00.000000 UTC,,2025-05-19 14:59:00.000000 UTC,,4
76007,60541,Shipped,F,2025-05-17 08:16:00.000000 UTC,,2025-05-19 14:59:00.000000 UTC,,4
76007,60541,Shipped,F,2025-05-17 08:16:00.000000 UTC,,2025-05-19 14:59:00.000000 UTC,,4
76007,60541,Shipped,F,2025-05-17 08:16:00.000000 UTC,,2025-05-19 14:59:00.000000 UTC,,4
79869,63614,Shipped,F,2025-06-07 00:31:00.000000 UTC,,2025-06-08 22:42:00.000000 UTC,,1
79904,63641,Shipped,F,2025-06-18 05:04:00.000000 UTC,,2025-06-20 05:00:00.000000 UTC,,1
79904,63641,Shipped,F,2025-06-18 05:04:00.000000 UTC,,2025-06-20 05:00:00.000000 UTC,,1
80287,63957,Shipped,F,2025-06-29 00:57:00.000000 UTC,,2025-07-01 15:47:00.000000 UTC,,1
80287,63957,Shipped,F,2025-06-29 00:57:00.000000 UTC,,2025-07-01 15:47:00.000000 UTC,,1
82786,65920,Shipped,F,2024-12-22 18:14:00.000000 UTC,,2024-12-24 17:23:00.000000 UTC,,1
85757,68332,Shipped,F,2025-10-27 06:59:00.000000 UTC,,2025-10-27 12:47:00.000000 UTC,,3
85757,68332,Shipped,F,2025-10-27 06:59:00.000000 UTC,,2025-10-27 12:47:00.000000 UTC,,3
86117,68623,Shipped,F,2025-07-05 05:32:00.000000 UTC,,2025-07-07 18:11:00.000000 UTC,,1
86117,68623,Shipped,F,2025-07-05 05:32:00.000000 UTC,,2025-07-07 18:11:00.000000 UTC,,1
86118,68623,Shipped,F,2025-09-14 05:32:00.000000 UTC,,2025-09-14 23:03:00.000000 UTC,,1
86118,68623,Shipped,F,2025-09-14 05:32:00.000000 UTC,,2025-09-14 23:03:00.000000 UTC,,1
86121,68626,Shipped,F,2025-09-13 02:35:00.000000 UTC,,2025-09-13 15:40:00.000000 UTC,,1
86121,68626,Shipped,F,2025-09-13 02:35:00.000000 UTC,,2025-09-13 15:40:00.000000 UTC,,1
86122,68626,Shipped,F,2025-07-03 02:35:00.000000 UTC,,2025-07-04 00:34:00.000000 UTC,,1
86122,68626,Shipped,F,2025-07-03 02:35:00.000000 UTC,,2025-07-04 00:34:00.000000 UTC,,1
86588,68980,Shipped,F,2025-05-10 11:30:00.000000 UTC,,2025-05-13 06:42:00.000000 UTC,,3
86588,68980,Shipped,F,2025-05-10 11:30:00.000000 UTC,,2025-05-13 06:42:00.000000 UTC,,3
87174,69481,Shipped,F,2025-03-26 08:29:00.000000 UTC,,2025-03-26 13:27:00.000000 UTC,,1
88388,70445,Shipped,F,2024-09-14 00:20:00.000000 UTC,,2024-09-15 15:59:00.000000 UTC,,1
88388,70445,Shipped,F,2024-09-14 00:20:00.000000 UTC,,2024-09-15 15:59:00.000000 UTC,,1
88388,70445,Shipped,F,2024-09-14 00:20:00.000000 UTC,,2024-09-15 15:59:00.000000 UTC,,1
88388,70445,Shipped,F,2024-09-14 00:20:00.000000 UTC,,2024-09-15 15:59:00.000000 UTC,,1
89119,70983,Shipped,F,2025-06-28 02:35:00.000000 UTC,,2025-06-30 16:39:00.000000 UTC,,1
89136,70996,Shipped,F,2025-01-09 08:28:00.000000 UTC,,2025-01-11 20:04:00.000000 UTC,,1
89704,71451,Shipped,F,2025-10-09 11:02:00.000000 UTC,,2025-10-10 16:12:00.000000 UTC,,2
90437,72057,Shipped,F,2025-03-04 00:16:00.000000 UTC,,2025-03-04 00:17:00.000000 UTC,,1
90585,72177,Shipped,F,2025-08-01 01:42:00.000000 UTC,,2025-08-03 01:15:00.000000 UTC,,1
90585,72177,Shipped,F,2025-08-01 01:42:00.000000 UTC,,2025-08-03 01:15:00.000000 UTC,,1
90585,72177,Shipped,F,2025-08-01 01:42:00.000000 UTC,,2025-08-03 01:15:00.000000 UTC,,1
90585,72177,Shipped,F,2025-08-01 01:42:00.000000 UTC,,2025-08-03 01:15:00.000000 UTC,,1
90588,72177,Shipped,F,2025-11-22 01:42:00.000000 UTC,,2025-11-22 03:07:00.000000 UTC,,1
90588,72177,Shipped,F,2025-11-22 01:42:00.000000 UTC,,2025-11-22 03:07:00.000000 UTC,,1